star_id,star_first_name,star_last_name,star_dob,star_email
1,Emma,King,1980-03-01,emma.king1@example.com
2,Logan,Thompson,2004-06-22,logan.thompson2@example.com
3,Elena,Sanchez,1978-10-13,elena.sanchez3@example.com
4,Grayson,Martin,1965-01-19,grayson.martin4@example.com
5,Valentina,Hill,2000-03-21,valentina.hill5@example.com
6,Luna,Moore,1989-07-14,luna.moore6@example.com
7,Lucas,Walker,1973-01-08,lucas.walker7@example.com
8,Emma,Flores,1964-11-24,emma.flores8@example.com
9,Harper,Walker,1974-12-01,harper.walker9@example.com
10,Lucas,Miller,1983-11-27,lucas.miller10@example.com
11,Daniel,Robinson,1992-05-07,daniel.robinson11@example.com
12,Sophia,Young,1970-02-07,sophia.young12@example.com
13,Leo,Flores,1990-02-03,leo.flores13@example.com
14,Gabriel,Wright,1987-10-15,gabriel.wright14@example.com
15,Sophia,Thomas,1982-09-29,sophia.thomas15@example.com
16,Wyatt,Wilson,1997-06-08,wyatt.wilson16@example.com
17,Lucia,Garcia,1977-10-09,lucia.garcia17@example.com
18,Elijah,Wright,1969-05-24,elijah.wright18@example.com
19,Leo,Ramirez,1950-10-10,leo.ramirez19@example.com
20,Grayson,Johnson,1999-10-20,grayson.johnson20@example.com
21,Daniel,Hill,2001-10-18,daniel.hill21@example.com
22,Amelia,Taylor,1988-05-26,amelia.taylor22@example.com
23,Luna,Wilson,1987-12-04,luna.wilson23@example.com
24,Valentina,Thomas,1964-07-27,valentina.thomas24@example.com
25,Daniel,Allen,1950-09-05,daniel.allen25@example.com
26,Nora,Harris,1959-12-29,nora.harris26@example.com
27,Luna,Flores,1969-12-21,luna.flores27@example.com
28,Isaac,White,1976-08-12,isaac.white28@example.com
29,Levi,Wright,1999-01-06,levi.wright29@example.com
30,Jackson,Martinez,1952-03-18,jackson.martinez30@example.com
31,Noah,Lopez,1954-06-12,noah.lopez31@example.com
32,Nora,Robinson,1961-07-27,nora.robinson32@example.com
33,Amelia,Anderson,1978-12-10,amelia.anderson33@example.com
34,Victoria,Martinez,1978-03-22,victoria.martinez34@example.com
35,Leo,Wilson,1991-04-18,leo.wilson35@example.com
36,Isaac,Flores,1951-06-07,isaac.flores36@example.com
37,Harper,Moore,1972-02-17,harper.moore37@example.com
38,Jackson,Thompson,1958-08-03,jackson.thompson38@example.com
39,James,Lopez,2001-11-19,james.lopez39@example.com
40,Sebastian,Rodriguez,1956-06-12,sebastian.rodriguez40@example.com
41,Benjamin,Jones,2001-06-21,benjamin.jones41@example.com
42,Victoria,Miller,1952-04-28,victoria.miller42@example.com
43,Grayson,Lewis,1966-09-03,grayson.lewis43@example.com
44,Charlotte,Clark,1967-12-11,charlotte.clark44@example.com
45,Jackson,Scott,1965-04-22,jackson.scott45@example.com
46,Ava,Wright,2001-01-08,ava.wright46@example.com
47,Samuel,Sanchez,1962-02-03,samuel.sanchez47@example.com
48,Chloe,Miller,1959-12-25,chloe.miller48@example.com
49,Mia,Taylor,1994-11-14,mia.taylor49@example.com
50,Elena,Brown,1977-07-17,elena.brown50@example.com
51,Lucia,Flores,1988-03-11,lucia.flores51@example.com
52,Olivia,Taylor,1961-08-24,olivia.taylor52@example.com
53,Noah,Young,1953-09-17,noah.young53@example.com
54,Camila,Robinson,2000-01-29,camila.robinson54@example.com
55,Elena,Hernandez,1961-10-26,elena.hernandez55@example.com
56,Benjamin,Lee,1988-07-24,benjamin.lee56@example.com
57,Logan,Anderson,1969-10-26,logan.anderson57@example.com
58,Valentina,Young,1959-05-02,valentina.young58@example.com
59,Harper,King,1971-05-19,harper.king59@example.com
60,Owen,Wilson,1974-10-10,owen.wilson60@example.com
61,Logan,Martin,1955-01-22,logan.martin61@example.com
62,Grayson,Lopez,1989-12-17,grayson.lopez62@example.com
63,Lucas,Robinson,1988-05-12,lucas.robinson63@example.com
64,Carter,Rodriguez,1978-08-14,carter.rodriguez64@example.com
65,Mateo,Garcia,1961-05-19,mateo.garcia65@example.com
66,Aiden,Miller,1971-12-26,aiden.miller66@example.com
67,Sophia,Rodriguez,2005-05-09,sophia.rodriguez67@example.com
68,Liam,Lee,2000-07-14,liam.lee68@example.com
69,Jack,Nguyen,1994-06-19,jack.nguyen69@example.com
70,Noah,Clark,1985-09-14,noah.clark70@example.com
71,Benjamin,Wright,1973-08-21,benjamin.wright71@example.com
72,Hazel,Brown,2001-10-08,hazel.brown72@example.com
73,Samuel,Allen,1991-07-23,samuel.allen73@example.com
74,Lucas,Williams,1963-05-01,lucas.williams74@example.com
75,Isaac,Gonzalez,1977-08-07,isaac.gonzalez75@example.com
76,Isabella,Moore,1968-04-30,isabella.moore76@example.com
77,Logan,Ramirez,1988-12-13,logan.ramirez77@example.com
78,Evelyn,Allen,1950-10-25,evelyn.allen78@example.com
79,Mia,Moore,1989-01-31,mia.moore79@example.com
80,Aiden,Davis,2001-12-13,aiden.davis80@example.com
81,Chloe,Lewis,1952-01-16,chloe.lewis81@example.com
82,Camila,Smith,1972-06-24,camila.smith82@example.com
83,Charlotte,Thomas,1983-02-08,charlotte.thomas83@example.com
84,Samuel,Lewis,1954-09-29,samuel.lewis84@example.com
85,Sofia,Young,1983-06-18,sofia.young85@example.com
86,Luna,Perez,1962-05-30,luna.perez86@example.com
87,Olivia,Garcia,1974-01-13,olivia.garcia87@example.com
88,Aria,Martin,1990-04-25,aria.martin88@example.com
89,Noah,Johnson,1975-01-06,noah.johnson89@example.com
90,Mila,Jones,1983-11-18,mila.jones90@example.com
91,Levi,Lopez,1974-05-10,levi.lopez91@example.com
92,Hazel,Rodriguez,2001-01-21,hazel.rodriguez92@example.com
93,Logan,Hernandez,1958-02-26,logan.hernandez93@example.com
94,Levi,Lopez,1974-05-19,levi.lopez94@example.com
95,Hazel,Jackson,1950-06-16,hazel.jackson95@example.com
96,Jackson,Garcia,1997-04-02,jackson.garcia96@example.com
97,Chloe,Walker,1959-05-16,chloe.walker97@example.com
98,Wyatt,Wright,1953-05-08,wyatt.wright98@example.com
99,Mia,Anderson,1992-01-06,mia.anderson99@example.com
100,Sophia,Scott,1990-12-08,sophia.scott100@example.com
101,Charlotte,Sanchez,1976-12-27,charlotte.sanchez101@example.com
102,Aiden,Jones,1997-02-15,aiden.jones102@example.com
103,Ava,Wright,1959-05-04,ava.wright103@example.com
104,Mia,Robinson,1967-03-10,mia.robinson104@example.com
105,Benjamin,Thompson,1969-04-15,benjamin.thompson105@example.com
106,Victoria,Perez,1950-06-05,victoria.perez106@example.com
107,Mila,Taylor,1966-11-08,mila.taylor107@example.com
108,Olivia,Lewis,1993-03-10,olivia.lewis108@example.com
109,Grayson,Lopez,1979-06-21,grayson.lopez109@example.com
110,Mila,Lee,1958-08-17,mila.lee110@example.com
111,Sophia,Wright,1951-04-09,sophia.wright111@example.com
112,Samuel,Garcia,1990-06-12,samuel.garcia112@example.com
113,Levi,Smith,2004-03-17,levi.smith113@example.com
114,Valentina,Ramirez,1981-06-12,valentina.ramirez114@example.com
115,Violet,Johnson,1991-04-29,violet.johnson115@example.com
116,Sophia,Perez,1981-03-26,sophia.perez116@example.com
117,Isabella,Ramirez,1971-01-03,isabella.ramirez117@example.com
118,Isaac,Davis,2005-03-19,isaac.davis118@example.com
119,Sebastian,Martin,1991-11-17,sebastian.martin119@example.com
120,Chloe,Young,1978-03-07,chloe.young120@example.com
121,Carter,Ramirez,1990-10-05,carter.ramirez121@example.com
122,Mateo,Jackson,1957-05-29,mateo.jackson122@example.com
123,Aiden,Hernandez,1993-07-26,aiden.hernandez123@example.com
124,Gabriel,Allen,1972-10-25,gabriel.allen124@example.com
125,Mila,Brown,1981-12-23,mila.brown125@example.com
126,Layla,Miller,1962-03-24,layla.miller126@example.com
127,Victoria,Young,1970-12-11,victoria.young127@example.com
128,Owen,Hill,1989-07-03,owen.hill128@example.com
129,Charlotte,Clark,1994-05-09,charlotte.clark129@example.com
130,Levi,Hill,1958-11-06,levi.hill130@example.com
131,James,Taylor,1952-09-15,james.taylor131@example.com
132,Evelyn,Wright,1985-11-11,evelyn.wright132@example.com
133,Gabriel,Moore,1978-01-11,gabriel.moore133@example.com
134,Victoria,King,1993-01-26,victoria.king134@example.com
135,Ava,Wright,1989-10-03,ava.wright135@example.com
136,Logan,Miller,1954-08-17,logan.miller136@example.com
137,Elena,Smith,1957-07-15,elena.smith137@example.com
138,Wyatt,Hill,1953-06-12,wyatt.hill138@example.com
139,Luna,Wilson,1981-04-11,luna.wilson139@example.com
140,Sophia,Hernandez,1987-12-21,sophia.hernandez140@example.com
141,Jack,Jones,1972-04-24,jack.jones141@example.com
142,Oliver,Hernandez,1981-02-27,oliver.hernandez142@example.com
143,Gabriel,Taylor,1997-04-11,gabriel.taylor143@example.com
144,Sofia,Allen,1957-01-08,sofia.allen144@example.com
145,Charlotte,Walker,1969-12-29,charlotte.walker145@example.com
146,Nora,Clark,1955-02-24,nora.clark146@example.com
147,Jackson,Miller,1963-04-25,jackson.miller147@example.com
148,Penelope,Thompson,1981-02-12,penelope.thompson148@example.com
149,Charlotte,Moore,1960-07-16,charlotte.moore149@example.com
150,Oliver,White,1966-04-18,oliver.white150@example.com
151,Hazel,Thompson,1987-02-19,hazel.thompson151@example.com
152,Emma,Perez,1952-01-09,emma.perez152@example.com
153,Leo,Clark,1971-05-25,leo.clark153@example.com
154,Grayson,Wilson,1991-01-21,grayson.wilson154@example.com
155,Isabella,Garcia,1992-03-03,isabella.garcia155@example.com
156,Wyatt,Brown,1963-11-08,wyatt.brown156@example.com
157,Penelope,Jones,1994-02-17,penelope.jones157@example.com
158,Olivia,Williams,2001-07-16,olivia.williams158@example.com
159,Gabriel,Brown,1999-09-18,gabriel.brown159@example.com
160,Mila,Sanchez,1960-12-14,mila.sanchez160@example.com
161,Aiden,Johnson,1990-03-20,aiden.johnson161@example.com
162,Aurora,Perez,1973-11-19,aurora.perez162@example.com
163,Levi,Taylor,2002-09-19,levi.taylor163@example.com
164,Emma,Jackson,1986-11-10,emma.jackson164@example.com
165,Camila,Young,1985-03-01,camila.young165@example.com
166,Jack,Williams,1990-09-20,jack.williams166@example.com
167,Victoria,Flores,1995-03-04,victoria.flores167@example.com
168,Logan,Smith,2002-06-03,logan.smith168@example.com
169,Leo,Miller,1950-01-15,leo.miller169@example.com
170,Liam,Williams,1974-04-22,liam.williams170@example.com
171,Levi,Taylor,1969-09-05,levi.taylor171@example.com
172,Levi,Clark,1991-03-21,levi.clark172@example.com
173,Olivia,Thomas,1959-04-22,olivia.thomas173@example.com
174,Samuel,Harris,1980-07-06,samuel.harris174@example.com
175,Daniel,Smith,1999-01-06,daniel.smith175@example.com
176,Jackson,Gonzalez,1983-06-13,jackson.gonzalez176@example.com
177,Noah,Jackson,1970-02-18,noah.jackson177@example.com
178,Sebastian,Flores,1999-02-19,sebastian.flores178@example.com
179,Camila,Walker,1996-10-13,camila.walker179@example.com
180,Camila,Wright,1969-10-22,camila.wright180@example.com
181,Sebastian,Williams,1976-07-02,sebastian.williams181@example.com
182,Ethan,Flores,1958-12-17,ethan.flores182@example.com
183,Leo,Johnson,1962-12-19,leo.johnson183@example.com
184,Charlotte,Taylor,1965-04-02,charlotte.taylor184@example.com
185,Samuel,Lewis,1976-02-28,samuel.lewis185@example.com
186,Grayson,Brown,1962-09-10,grayson.brown186@example.com
187,Luna,Brown,1962-04-23,luna.brown187@example.com
188,Evelyn,Walker,1972-09-29,evelyn.walker188@example.com
189,Wyatt,Davis,1983-03-18,wyatt.davis189@example.com
190,Owen,Lopez,1980-10-12,owen.lopez190@example.com
191,James,Nguyen,1991-07-22,james.nguyen191@example.com
192,Aiden,Johnson,1974-04-27,aiden.johnson192@example.com
193,Isaac,Martin,1996-04-08,isaac.martin193@example.com
194,Daniel,Walker,1951-11-03,daniel.walker194@example.com
195,Victoria,Miller,1992-03-01,victoria.miller195@example.com
196,Violet,Brown,1959-12-29,violet.brown196@example.com
197,Noah,Hernandez,2001-11-20,noah.hernandez197@example.com
198,Owen,Allen,1956-02-15,owen.allen198@example.com
199,Valentina,Torres,1979-09-19,valentina.torres199@example.com
200,Oliver,Miller,1954-05-30,oliver.miller200@example.com
201,Emma,Jones,1966-05-13,emma.jones201@example.com
202,Chloe,Lee,1958-04-08,chloe.lee202@example.com
203,Sophia,Perez,1968-07-30,sophia.perez203@example.com
204,Sofia,Thompson,1986-08-24,sofia.thompson204@example.com
205,Samuel,Hill,1959-10-02,samuel.hill205@example.com
206,Harper,Williams,1952-10-21,harper.williams206@example.com
207,Sofia,Jackson,1965-05-19,sofia.jackson207@example.com
208,Aurora,Torres,1973-10-04,aurora.torres208@example.com
209,Evelyn,Brown,1994-08-31,evelyn.brown209@example.com
210,Elena,Hill,1978-06-10,elena.hill210@example.com
211,Jackson,Anderson,1969-07-27,jackson.anderson211@example.com
212,Camila,Flores,1975-08-06,camila.flores212@example.com
213,Violet,Torres,1990-10-31,violet.torres213@example.com
214,Aurora,Jones,1974-05-14,aurora.jones214@example.com
215,Layla,Thompson,1991-04-22,layla.thompson215@example.com
216,Elena,Torres,1988-02-07,elena.torres216@example.com
217,Elena,Thompson,2005-02-20,elena.thompson217@example.com
218,Charlotte,Jones,1951-12-29,charlotte.jones218@example.com
219,Penelope,Davis,2002-07-04,penelope.davis219@example.com
220,Sophia,King,1956-04-08,sophia.king220@example.com
221,Elena,Miller,1953-10-17,elena.miller221@example.com
222,Nora,Smith,1992-11-15,nora.smith222@example.com
223,Liam,Martinez,1952-03-13,liam.martinez223@example.com
224,Owen,Martinez,1998-11-22,owen.martinez224@example.com
225,Liam,Wilson,1977-05-10,liam.wilson225@example.com
226,Evelyn,Young,1950-12-14,evelyn.young226@example.com
227,Lucia,Gonzalez,1951-11-06,lucia.gonzalez227@example.com
228,Gabriel,Martin,1989-02-19,gabriel.martin228@example.com
229,James,Walker,1973-01-04,james.walker229@example.com
230,Harper,Allen,1979-03-16,harper.allen230@example.com
231,Luna,Hill,1998-10-05,luna.hill231@example.com
232,Mia,Smith,1972-05-04,mia.smith232@example.com
233,Mila,White,1953-09-18,mila.white233@example.com
234,Gabriel,Robinson,1971-08-27,gabriel.robinson234@example.com
235,Penelope,Martinez,1992-08-04,penelope.martinez235@example.com
236,Oliver,Walker,2000-08-26,oliver.walker236@example.com
237,Mia,Scott,1955-07-06,mia.scott237@example.com
238,Benjamin,Martinez,1979-04-06,benjamin.martinez238@example.com
239,Amelia,Jones,1998-10-14,amelia.jones239@example.com
240,Ava,Allen,1958-01-04,ava.allen240@example.com
241,Sofia,Torres,1975-09-18,sofia.torres241@example.com
242,Evelyn,Nguyen,2002-04-10,evelyn.nguyen242@example.com
243,Mia,Anderson,1950-08-14,mia.anderson243@example.com
244,Lucas,Gonzalez,2003-09-11,lucas.gonzalez244@example.com
245,Olivia,Jones,1993-12-28,olivia.jones245@example.com
246,Mateo,White,1958-01-16,mateo.white246@example.com
247,Levi,Perez,1951-08-12,levi.perez247@example.com
248,Grayson,Williams,1966-07-19,grayson.williams248@example.com
249,Gabriel,Lee,1958-03-13,gabriel.lee249@example.com
250,Mateo,Brown,2005-03-04,mateo.brown250@example.com
251,Penelope,Martin,2004-06-20,penelope.martin251@example.com
252,Noah,Jones,1970-04-02,noah.jones252@example.com
253,Elena,King,1961-03-01,elena.king253@example.com
254,Penelope,Flores,1951-11-09,penelope.flores254@example.com
255,Aurora,Clark,1965-03-21,aurora.clark255@example.com
256,Nora,Sanchez,2003-02-20,nora.sanchez256@example.com
257,Evelyn,Moore,2004-05-03,evelyn.moore257@example.com
258,Jack,Rodriguez,1983-03-12,jack.rodriguez258@example.com
259,Charlotte,Hernandez,1976-02-03,charlotte.hernandez259@example.com
260,James,Perez,1975-06-04,james.perez260@example.com
261,Benjamin,Lewis,1969-11-03,benjamin.lewis261@example.com
262,Ethan,Thompson,1981-11-01,ethan.thompson262@example.com
263,Samuel,Jackson,1969-02-23,samuel.jackson263@example.com
264,Penelope,Sanchez,1984-02-24,penelope.sanchez264@example.com
265,Jack,Miller,1998-09-22,jack.miller265@example.com
266,Aurora,Hill,1991-02-07,aurora.hill266@example.com
267,Mateo,Hill,1991-04-17,mateo.hill267@example.com
268,Owen,Wright,1995-01-13,owen.wright268@example.com
269,Lucia,King,2004-11-30,lucia.king269@example.com
270,Chloe,Walker,1961-11-26,chloe.walker270@example.com
271,Ethan,Gonzalez,1955-04-01,ethan.gonzalez271@example.com
272,Penelope,Lopez,2005-03-01,penelope.lopez272@example.com
273,Aria,Allen,1962-05-15,aria.allen273@example.com
274,Sebastian,Brown,1951-04-04,sebastian.brown274@example.com
275,Emma,Smith,2002-10-22,emma.smith275@example.com
276,Elena,Hernandez,1983-07-29,elena.hernandez276@example.com
277,Chloe,Taylor,1998-12-17,chloe.taylor277@example.com
278,Mia,Davis,1968-07-12,mia.davis278@example.com
279,Violet,Jones,1986-12-16,violet.jones279@example.com
280,Chloe,Johnson,1998-03-09,chloe.johnson280@example.com
281,Evelyn,Lee,1964-02-07,evelyn.lee281@example.com
282,Gabriel,Allen,1970-06-02,gabriel.allen282@example.com
283,Owen,Miller,1963-06-20,owen.miller283@example.com
284,Mia,King,1979-10-06,mia.king284@example.com
285,Carter,Hernandez,1978-06-10,carter.hernandez285@example.com
286,Ava,Anderson,1965-08-26,ava.anderson286@example.com
287,Carter,Sanchez,2003-02-22,carter.sanchez287@example.com
288,Oliver,Nguyen,1972-04-22,oliver.nguyen288@example.com
289,Valentina,Perez,1983-01-27,valentina.perez289@example.com
290,Amelia,Perez,1950-06-18,amelia.perez290@example.com
291,Oliver,Moore,1975-04-23,oliver.moore291@example.com
292,Charlotte,Walker,1977-08-14,charlotte.walker292@example.com
293,Mila,Thomas,1996-12-15,mila.thomas293@example.com
294,Camila,Harris,2004-11-03,camila.harris294@example.com
295,Lucas,Anderson,2003-12-02,lucas.anderson295@example.com
296,Grayson,Perez,1973-03-21,grayson.perez296@example.com
297,Samuel,Thompson,1994-11-02,samuel.thompson297@example.com
298,Violet,Walker,1993-11-11,violet.walker298@example.com
299,Penelope,Brown,1984-05-09,penelope.brown299@example.com
300,Hazel,Johnson,1959-05-11,hazel.johnson300@example.com
301,Nora,Thompson,2002-09-06,nora.thompson301@example.com
302,Victoria,Scott,1963-07-22,victoria.scott302@example.com
303,Jackson,Taylor,2004-01-31,jackson.taylor303@example.com
304,Samuel,King,1979-03-18,samuel.king304@example.com
305,Levi,Wright,1964-08-08,levi.wright305@example.com
306,Harper,Perez,1962-01-29,harper.perez306@example.com
307,Layla,Martinez,1963-03-25,layla.martinez307@example.com
308,Olivia,Wright,1950-05-29,olivia.wright308@example.com
309,Jackson,Davis,1974-02-24,jackson.davis309@example.com
310,Daniel,Williams,1972-09-04,daniel.williams310@example.com
311,Mateo,Taylor,1973-07-15,mateo.taylor311@example.com
312,Sofia,Lewis,2000-01-27,sofia.lewis312@example.com
313,Lucas,Allen,1957-05-08,lucas.allen313@example.com
314,Wyatt,Sanchez,1991-01-15,wyatt.sanchez314@example.com
315,Mia,Sanchez,1997-12-31,mia.sanchez315@example.com
316,James,Perez,1985-09-24,james.perez316@example.com
317,Layla,White,1952-03-12,layla.white317@example.com
318,Oliver,Miller,2004-04-05,oliver.miller318@example.com
319,Valentina,Jones,1956-12-06,valentina.jones319@example.com
320,Grayson,Ramirez,1964-09-12,grayson.ramirez320@example.com
321,Carter,Young,1967-04-13,carter.young321@example.com
322,Leo,Taylor,1972-07-21,leo.taylor322@example.com
323,Penelope,King,1956-10-03,penelope.king323@example.com
324,Ava,Moore,1979-09-21,ava.moore324@example.com
325,Elena,White,1972-06-16,elena.white325@example.com
326,Violet,Lopez,1951-11-10,violet.lopez326@example.com
327,Lucia,Taylor,2002-09-04,lucia.taylor327@example.com
328,Oliver,Davis,1995-10-21,oliver.davis328@example.com
329,Chloe,Wright,2005-05-28,chloe.wright329@example.com
330,Daniel,Hernandez,1955-10-20,daniel.hernandez330@example.com
331,Oliver,Ramirez,1988-09-08,oliver.ramirez331@example.com
332,Mia,Thomas,1984-03-20,mia.thomas332@example.com
333,Daniel,Nguyen,1986-03-05,daniel.nguyen333@example.com
334,Wyatt,Walker,2005-09-25,wyatt.walker334@example.com
335,Liam,King,1956-10-03,liam.king335@example.com
336,Layla,Davis,1962-03-21,layla.davis336@example.com
337,Sophia,Harris,1955-01-13,sophia.harris337@example.com
338,Luna,Lopez,1977-02-05,luna.lopez338@example.com
339,Chloe,Walker,2001-06-26,chloe.walker339@example.com
340,Sebastian,Thomas,1976-08-05,sebastian.thomas340@example.com
341,Noah,Martinez,1965-12-13,noah.martinez341@example.com
342,Daniel,Wright,1985-01-20,daniel.wright342@example.com
343,Ethan,Brown,1984-05-17,ethan.brown343@example.com
344,Camila,Thomas,1961-02-10,camila.thomas344@example.com
345,Layla,King,1955-03-20,layla.king345@example.com
346,Samuel,Martinez,1963-12-16,samuel.martinez346@example.com
347,Aurora,Ramirez,1998-07-14,aurora.ramirez347@example.com
348,Aurora,Ramirez,1970-01-27,aurora.ramirez348@example.com
349,Liam,Miller,1986-10-25,liam.miller349@example.com
350,Mila,Thompson,1959-01-04,mila.thompson350@example.com
351,Lucas,Taylor,1998-12-30,lucas.taylor351@example.com
352,James,Johnson,1990-01-18,james.johnson352@example.com
353,Olivia,Martin,1993-03-12,olivia.martin353@example.com
354,Sophia,Garcia,1957-11-21,sophia.garcia354@example.com
355,Aiden,Martinez,1977-12-29,aiden.martinez355@example.com
356,Grayson,Miller,1970-08-23,grayson.miller356@example.com
357,Layla,Rodriguez,2001-02-03,layla.rodriguez357@example.com
358,Elijah,Robinson,1967-08-16,elijah.robinson358@example.com
359,Evelyn,Lewis,1985-02-04,evelyn.lewis359@example.com
360,Owen,Lopez,1984-01-07,owen.lopez360@example.com
361,Hazel,Young,1961-06-16,hazel.young361@example.com
362,Luna,Martin,1997-04-23,luna.martin362@example.com
363,Ava,Harris,1998-08-14,ava.harris363@example.com
364,Daniel,Sanchez,1959-10-07,daniel.sanchez364@example.com
365,Noah,Nguyen,1974-06-11,noah.nguyen365@example.com
366,Samuel,Lee,1988-11-24,samuel.lee366@example.com
367,Evelyn,Smith,1973-06-17,evelyn.smith367@example.com
368,Gabriel,Harris,1965-09-13,gabriel.harris368@example.com
369,Lucia,Torres,1969-10-29,lucia.torres369@example.com
370,Gabriel,Lopez,1987-01-17,gabriel.lopez370@example.com
371,Luna,Johnson,1968-07-30,luna.johnson371@example.com
372,Leo,Davis,2000-11-21,leo.davis372@example.com
373,Jackson,Martin,1967-06-14,jackson.martin373@example.com
374,Chloe,Jones,1959-05-17,chloe.jones374@example.com
375,Layla,Hill,2005-08-31,layla.hill375@example.com
376,Samuel,Johnson,1968-06-03,samuel.johnson376@example.com
377,Leo,Lopez,1969-02-18,leo.lopez377@example.com
378,Sophia,Martinez,1995-04-09,sophia.martinez378@example.com
379,Oliver,Perez,1966-04-23,oliver.perez379@example.com
380,Nora,White,2001-10-28,nora.white380@example.com
381,Violet,Walker,1987-06-13,violet.walker381@example.com
382,Amelia,Clark,1997-08-13,amelia.clark382@example.com
383,Sebastian,Martinez,1972-11-13,sebastian.martinez383@example.com
384,Logan,Robinson,1958-07-08,logan.robinson384@example.com
385,Jackson,Martinez,1991-02-24,jackson.martinez385@example.com
386,Ava,Walker,2001-01-26,ava.walker386@example.com
387,Penelope,Young,1963-12-26,penelope.young387@example.com
388,Jack,Smith,1961-07-04,jack.smith388@example.com
389,Daniel,Lee,1965-08-24,daniel.lee389@example.com
390,Emma,Rodriguez,1958-08-04,emma.rodriguez390@example.com
391,Logan,Williams,1978-09-28,logan.williams391@example.com
392,Aria,Gonzalez,1976-08-16,aria.gonzalez392@example.com
393,Lucas,Perez,1981-04-07,lucas.perez393@example.com
394,Emma,Harris,1951-01-29,emma.harris394@example.com
395,Liam,Thomas,1971-02-10,liam.thomas395@example.com
396,Samuel,Sanchez,1995-12-02,samuel.sanchez396@example.com
397,Jackson,Scott,1997-07-06,jackson.scott397@example.com
398,Samuel,Clark,1980-06-14,samuel.clark398@example.com
399,Mateo,Williams,1958-08-23,mateo.williams399@example.com
400,Aria,Young,1974-04-08,aria.young400@example.com
401,Chloe,Hernandez,1959-05-31,chloe.hernandez401@example.com
402,Emma,Davis,1996-12-27,emma.davis402@example.com
403,Harper,Walker,1963-02-17,harper.walker403@example.com
404,Evelyn,Williams,1953-02-14,evelyn.williams404@example.com
405,Sofia,Lopez,2002-07-06,sofia.lopez405@example.com
406,Lucas,King,1988-07-15,lucas.king406@example.com
407,Elijah,Sanchez,1967-02-08,elijah.sanchez407@example.com
408,Samuel,Thomas,1963-12-03,samuel.thomas408@example.com
409,Amelia,Perez,1985-04-20,amelia.perez409@example.com
410,Levi,Torres,1969-05-07,levi.torres410@example.com
411,Logan,Johnson,1988-07-29,logan.johnson411@example.com
412,Owen,Wilson,1990-02-13,owen.wilson412@example.com
413,Penelope,Lewis,1991-08-24,penelope.lewis413@example.com
414,Samuel,Sanchez,1962-04-18,samuel.sanchez414@example.com
415,Aiden,Lee,1983-06-17,aiden.lee415@example.com
416,Liam,Lee,1957-02-25,liam.lee416@example.com
417,Aria,Allen,1986-09-16,aria.allen417@example.com
418,Ava,Nguyen,1980-08-30,ava.nguyen418@example.com
419,Owen,Lopez,1960-04-05,owen.lopez419@example.com
420,Harper,Thomas,1994-11-05,harper.thomas420@example.com
421,Layla,Hernandez,2000-03-18,layla.hernandez421@example.com
422,Harper,Anderson,1996-07-24,harper.anderson422@example.com
423,Logan,Thompson,1977-03-23,logan.thompson423@example.com
424,Leo,Taylor,2003-09-02,leo.taylor424@example.com
425,Ava,Harris,1960-02-22,ava.harris425@example.com
426,Luna,Smith,1952-06-11,luna.smith426@example.com
427,Camila,Wilson,2004-01-16,camila.wilson427@example.com
428,Grayson,Thompson,1950-08-28,grayson.thompson428@example.com
429,Sebastian,Ramirez,1989-11-24,sebastian.ramirez429@example.com
430,Noah,Garcia,1977-01-21,noah.garcia430@example.com
431,Ava,Thomas,1966-02-28,ava.thomas431@example.com
432,Luna,Robinson,1977-03-24,luna.robinson432@example.com
433,Daniel,Taylor,2003-02-13,daniel.taylor433@example.com
434,Jack,Lewis,1995-05-17,jack.lewis434@example.com
435,Olivia,Lee,1973-04-30,olivia.lee435@example.com
436,Luna,Thompson,1950-06-21,luna.thompson436@example.com
437,James,Clark,1964-06-09,james.clark437@example.com
438,Benjamin,Wilson,1951-03-21,benjamin.wilson438@example.com
439,Mateo,Allen,1983-03-05,mateo.allen439@example.com
440,Valentina,Scott,1974-03-09,valentina.scott440@example.com
441,Gabriel,Anderson,1986-01-06,gabriel.anderson441@example.com
442,Harper,Garcia,1964-04-01,harper.garcia442@example.com
443,Luna,Martinez,1971-06-22,luna.martinez443@example.com
444,Grayson,Young,1979-03-31,grayson.young444@example.com
445,Isaac,Davis,2001-08-11,isaac.davis445@example.com
446,Benjamin,Gonzalez,1961-02-18,benjamin.gonzalez446@example.com
447,Camila,Thompson,1973-09-02,camila.thompson447@example.com
448,Daniel,Robinson,1952-02-11,daniel.robinson448@example.com
449,Penelope,Gonzalez,1990-10-07,penelope.gonzalez449@example.com
450,Grayson,White,1999-01-11,grayson.white450@example.com
451,Elena,King,2001-06-10,elena.king451@example.com
452,Luna,Ramirez,1971-08-01,luna.ramirez452@example.com
453,Owen,Perez,1962-09-12,owen.perez453@example.com
454,Hazel,Clark,1988-03-04,hazel.clark454@example.com
455,Gabriel,Johnson,1966-11-25,gabriel.johnson455@example.com
456,Harper,White,1951-08-24,harper.white456@example.com
457,Isabella,Sanchez,1950-11-01,isabella.sanchez457@example.com
458,Carter,Martin,2002-02-04,carter.martin458@example.com
459,Violet,Martinez,1970-09-30,violet.martinez459@example.com
460,Daniel,Perez,1985-05-13,daniel.perez460@example.com
461,Grayson,Hill,1998-06-27,grayson.hill461@example.com
462,Victoria,Smith,1982-06-05,victoria.smith462@example.com
463,Grayson,Moore,2002-08-04,grayson.moore463@example.com
464,Samuel,Thompson,1996-05-03,samuel.thompson464@example.com
465,Noah,Williams,1969-11-12,noah.williams465@example.com
466,Lucia,Martin,1957-06-16,lucia.martin466@example.com
467,Elijah,Garcia,1978-02-07,elijah.garcia467@example.com
468,Victoria,Brown,1974-09-20,victoria.brown468@example.com
469,Hazel,Wilson,1954-11-06,hazel.wilson469@example.com
470,Aria,Walker,1998-09-20,aria.walker470@example.com
471,Liam,Ramirez,1984-06-09,liam.ramirez471@example.com
472,Nora,Young,1975-05-24,nora.young472@example.com
473,Lucas,White,1957-11-25,lucas.white473@example.com
474,Ethan,Hill,1983-12-07,ethan.hill474@example.com
475,Olivia,Lewis,2004-12-13,olivia.lewis475@example.com
476,Liam,Wright,1951-09-13,liam.wright476@example.com
477,Harper,Davis,1990-07-30,harper.davis477@example.com
478,Grayson,Brown,1979-07-28,grayson.brown478@example.com
479,Hazel,Martin,1975-04-22,hazel.martin479@example.com
480,Gabriel,Lopez,1963-12-22,gabriel.lopez480@example.com
481,Chloe,Rodriguez,2004-09-20,chloe.rodriguez481@example.com
482,Grayson,Rodriguez,1987-11-30,grayson.rodriguez482@example.com
483,Olivia,Robinson,1982-08-26,olivia.robinson483@example.com
484,Mia,White,1990-04-06,mia.white484@example.com
485,Olivia,Ramirez,1955-07-08,olivia.ramirez485@example.com
486,Mia,White,1993-10-15,mia.white486@example.com
487,Lucia,Flores,1998-10-13,lucia.flores487@example.com
488,Violet,Rodriguez,1993-05-06,violet.rodriguez488@example.com
489,Amelia,Robinson,1996-09-24,amelia.robinson489@example.com
490,Mia,Lopez,1981-12-23,mia.lopez490@example.com
491,Elena,Harris,1950-01-23,elena.harris491@example.com
492,Logan,Hernandez,1983-03-31,logan.hernandez492@example.com
493,Chloe,Brown,1964-05-28,chloe.brown493@example.com
494,Evelyn,Perez,1970-08-21,evelyn.perez494@example.com
495,Aiden,Scott,1990-01-25,aiden.scott495@example.com
496,Daniel,Wilson,1995-03-17,daniel.wilson496@example.com
497,Hazel,Taylor,1966-03-01,hazel.taylor497@example.com
498,Leo,Wilson,1968-05-01,leo.wilson498@example.com
499,Grayson,Moore,1981-07-26,grayson.moore499@example.com
500,Liam,Lee,1989-10-11,liam.lee500@example.com
501,Sofia,Rodriguez,1954-06-21,sofia.rodriguez501@example.com
502,Jack,Walker,1966-04-30,jack.walker502@example.com
503,Ethan,Torres,1983-12-15,ethan.torres503@example.com
504,Isaac,Lee,1979-12-31,isaac.lee504@example.com
505,Emma,Gonzalez,1972-04-22,emma.gonzalez505@example.com
506,Sebastian,Thompson,1953-06-28,sebastian.thompson506@example.com
507,Elijah,Nguyen,2003-05-23,elijah.nguyen507@example.com
508,Elijah,Martinez,1973-02-11,elijah.martinez508@example.com
509,Benjamin,Brown,1961-04-12,benjamin.brown509@example.com
510,Grayson,Clark,1974-06-20,grayson.clark510@example.com
511,Elena,Lee,1992-11-08,elena.lee511@example.com
512,Charlotte,Harris,1983-04-16,charlotte.harris512@example.com
513,Amelia,Robinson,1997-11-02,amelia.robinson513@example.com
514,Aria,Taylor,2004-04-28,aria.taylor514@example.com
515,Oliver,Young,1959-05-16,oliver.young515@example.com
516,Grayson,Lopez,1951-06-24,grayson.lopez516@example.com
517,Sofia,Martinez,1982-06-10,sofia.martinez517@example.com
518,Nora,Harris,1963-06-03,nora.harris518@example.com
519,Emma,Torres,1971-06-28,emma.torres519@example.com
520,Ethan,Harris,1982-08-01,ethan.harris520@example.com
521,Aurora,White,1963-01-27,aurora.white521@example.com
522,Sophia,White,1975-02-27,sophia.white522@example.com
523,Sebastian,Torres,1971-08-27,sebastian.torres523@example.com
524,Leo,Young,1973-03-18,leo.young524@example.com
525,Isabella,Flores,1999-05-05,isabella.flores525@example.com
526,Victoria,Clark,1989-12-09,victoria.clark526@example.com
527,Penelope,Allen,1964-06-19,penelope.allen527@example.com
528,Leo,Taylor,1961-01-13,leo.taylor528@example.com
529,Mateo,Nguyen,1966-02-12,mateo.nguyen529@example.com
530,Owen,Sanchez,1996-01-07,owen.sanchez530@example.com
531,Logan,Rodriguez,1965-12-02,logan.rodriguez531@example.com
532,Ava,Lee,2003-08-13,ava.lee532@example.com
533,Evelyn,Jackson,1955-11-27,evelyn.jackson533@example.com
534,Noah,Hernandez,1975-06-08,noah.hernandez534@example.com
535,Sophia,Lewis,1984-01-14,sophia.lewis535@example.com
536,Chloe,Robinson,1965-07-03,chloe.robinson536@example.com
537,Oliver,Jones,1972-03-21,oliver.jones537@example.com
538,Samuel,Sanchez,1954-12-06,samuel.sanchez538@example.com
539,Camila,Johnson,1975-07-03,camila.johnson539@example.com
540,Nora,Jackson,1958-05-20,nora.jackson540@example.com
541,Liam,Hernandez,1965-01-22,liam.hernandez541@example.com
542,Sophia,Rodriguez,1979-08-07,sophia.rodriguez542@example.com
543,Gabriel,Scott,1967-03-30,gabriel.scott543@example.com
544,Noah,Sanchez,1979-03-25,noah.sanchez544@example.com
545,James,Taylor,1958-08-18,james.taylor545@example.com
546,Owen,Wright,1950-03-18,owen.wright546@example.com
547,Charlotte,Walker,1997-08-01,charlotte.walker547@example.com
548,Levi,Perez,1956-07-24,levi.perez548@example.com
549,Aurora,Clark,2005-08-03,aurora.clark549@example.com
550,Olivia,White,1972-02-13,olivia.white550@example.com
551,Aurora,Jackson,1988-09-04,aurora.jackson551@example.com
552,Grayson,Rodriguez,1977-07-28,grayson.rodriguez552@example.com
553,Levi,Smith,1990-11-25,levi.smith553@example.com
554,Jack,Jackson,1953-07-25,jack.jackson554@example.com
555,Charlotte,Perez,1979-05-08,charlotte.perez555@example.com
556,Elijah,Taylor,1989-10-10,elijah.taylor556@example.com
557,Aiden,Young,1960-03-27,aiden.young557@example.com
558,James,Moore,1986-06-14,james.moore558@example.com
559,Emma,Torres,1968-01-23,emma.torres559@example.com
560,Ethan,Clark,1967-10-08,ethan.clark560@example.com
561,Nora,Jackson,1993-07-18,nora.jackson561@example.com
562,Luna,Gonzalez,2003-01-16,luna.gonzalez562@example.com
563,Hazel,Rodriguez,1952-06-07,hazel.rodriguez563@example.com
564,Aurora,Flores,1975-01-15,aurora.flores564@example.com
565,Benjamin,Sanchez,1996-10-09,benjamin.sanchez565@example.com
566,Evelyn,Nguyen,1976-06-09,evelyn.nguyen566@example.com
567,Ethan,Lewis,1950-03-27,ethan.lewis567@example.com
568,Grayson,Brown,1991-08-11,grayson.brown568@example.com
569,Isaac,Taylor,2005-03-27,isaac.taylor569@example.com
570,Elena,Scott,1989-07-05,elena.scott570@example.com
571,Jack,Walker,1998-11-13,jack.walker571@example.com
572,Samuel,Johnson,1968-01-24,samuel.johnson572@example.com
573,Mia,Taylor,1966-10-13,mia.taylor573@example.com
574,Grayson,Allen,1998-06-25,grayson.allen574@example.com
575,Gabriel,Allen,1992-07-01,gabriel.allen575@example.com
576,Evelyn,Thompson,1977-02-11,evelyn.thompson576@example.com
577,Mateo,Hernandez,1996-01-18,mateo.hernandez577@example.com
578,Sebastian,Miller,1969-11-25,sebastian.miller578@example.com
579,Luna,Miller,1988-07-08,luna.miller579@example.com
580,Noah,Scott,1973-11-13,noah.scott580@example.com
581,Nora,Lee,1999-08-19,nora.lee581@example.com
582,Mia,King,2003-07-20,mia.king582@example.com
583,Sebastian,Perez,1968-12-15,sebastian.perez583@example.com
584,Sofia,Lee,1996-12-20,sofia.lee584@example.com
585,Victoria,Clark,1954-11-27,victoria.clark585@example.com
586,Camila,Miller,1959-12-19,camila.miller586@example.com
587,Aurora,Taylor,1994-02-14,aurora.taylor587@example.com
588,Penelope,Robinson,1975-11-18,penelope.robinson588@example.com
589,Violet,Anderson,1994-05-28,violet.anderson589@example.com
590,Logan,Scott,1972-09-25,logan.scott590@example.com
591,Victoria,Martin,1992-09-08,victoria.martin591@example.com
592,Isabella,Ramirez,1989-08-11,isabella.ramirez592@example.com
593,Camila,Jones,1989-04-07,camila.jones593@example.com
594,Aiden,Robinson,1966-03-07,aiden.robinson594@example.com
595,Violet,Lopez,1950-07-24,violet.lopez595@example.com
596,Leo,Wilson,1971-08-06,leo.wilson596@example.com
597,Benjamin,Robinson,1963-09-28,benjamin.robinson597@example.com
598,Mila,Martin,1958-12-04,mila.martin598@example.com
599,Elijah,Allen,1972-02-23,elijah.allen599@example.com
600,Carter,Hernandez,1958-06-14,carter.hernandez600@example.com
601,Jackson,Anderson,1977-08-07,jackson.anderson601@example.com
602,Oliver,Clark,1957-03-27,oliver.clark602@example.com
603,Violet,Wilson,1977-09-02,violet.wilson603@example.com
604,Liam,Anderson,2001-07-19,liam.anderson604@example.com
605,Sebastian,Clark,2001-11-01,sebastian.clark605@example.com
606,Mila,Martin,1963-12-30,mila.martin606@example.com
607,Olivia,Brown,1983-10-24,olivia.brown607@example.com
608,James,Harris,1995-02-23,james.harris608@example.com
609,Layla,Clark,1953-09-29,layla.clark609@example.com
610,Gabriel,Allen,1981-10-22,gabriel.allen610@example.com
611,Sofia,Thomas,1950-06-26,sofia.thomas611@example.com
612,Benjamin,Brown,1979-03-24,benjamin.brown612@example.com
613,Isaac,Miller,1959-03-20,isaac.miller613@example.com
614,Camila,Lee,1994-02-07,camila.lee614@example.com
615,Luna,Thomas,1953-02-19,luna.thomas615@example.com
616,Oliver,Jones,1996-11-07,oliver.jones616@example.com
617,Mia,Brown,2004-01-15,mia.brown617@example.com
618,Evelyn,Gonzalez,1955-03-23,evelyn.gonzalez618@example.com
619,Samuel,Brown,1960-11-10,samuel.brown619@example.com
620,Aria,Lewis,1994-11-13,aria.lewis620@example.com
621,Isabella,Smith,1953-01-19,isabella.smith621@example.com
622,Daniel,King,1958-08-25,daniel.king622@example.com
623,Ethan,Hill,1962-12-27,ethan.hill623@example.com
624,Liam,Lee,2003-01-13,liam.lee624@example.com
625,Lucia,Sanchez,1956-02-14,lucia.sanchez625@example.com
626,Mila,Walker,1999-10-24,mila.walker626@example.com
627,Liam,Scott,1982-06-07,liam.scott627@example.com
628,Isaac,Jones,1950-09-10,isaac.jones628@example.com
629,James,Thomas,1985-03-05,james.thomas629@example.com
630,Luna,Lopez,1967-03-28,luna.lopez630@example.com
631,Elena,Wilson,1999-01-24,elena.wilson631@example.com
632,Leo,Rodriguez,1982-03-27,leo.rodriguez632@example.com
633,Samuel,Brown,2003-09-17,samuel.brown633@example.com
634,Amelia,White,1959-11-11,amelia.white634@example.com
635,Wyatt,Ramirez,1987-10-14,wyatt.ramirez635@example.com
636,Elijah,Perez,1980-07-11,elijah.perez636@example.com
637,Aurora,Johnson,2003-08-27,aurora.johnson637@example.com
638,Aurora,Hernandez,1979-08-06,aurora.hernandez638@example.com
639,Sophia,Johnson,2001-10-12,sophia.johnson639@example.com
640,Harper,Martinez,1961-09-28,harper.martinez640@example.com
641,Luna,Lewis,1976-10-22,luna.lewis641@example.com
642,Ava,Martinez,1984-09-22,ava.martinez642@example.com
643,Lucas,Anderson,1955-04-18,lucas.anderson643@example.com
644,Grayson,Gonzalez,2003-12-12,grayson.gonzalez644@example.com
645,Aria,Flores,1986-12-02,aria.flores645@example.com
646,Aria,Wright,1992-04-29,aria.wright646@example.com
647,Mia,Lopez,1957-09-07,mia.lopez647@example.com
648,Luna,Moore,1993-06-12,luna.moore648@example.com
649,Amelia,King,1972-09-29,amelia.king649@example.com
650,Lucia,Johnson,1955-08-01,lucia.johnson650@example.com
651,Isabella,Taylor,1999-04-16,isabella.taylor651@example.com
652,Elijah,Wilson,2002-04-25,elijah.wilson652@example.com
653,Aiden,Walker,1950-12-20,aiden.walker653@example.com
654,Victoria,Wright,2003-12-02,victoria.wright654@example.com
655,Noah,Harris,1960-05-14,noah.harris655@example.com
656,Layla,Jones,1986-10-02,layla.jones656@example.com
657,Wyatt,Allen,1984-02-18,wyatt.allen657@example.com
658,Nora,Walker,1965-07-07,nora.walker658@example.com
659,Liam,Brown,1992-01-22,liam.brown659@example.com
660,Wyatt,Thompson,1957-11-23,wyatt.thompson660@example.com
661,Valentina,Williams,1986-08-14,valentina.williams661@example.com
662,Violet,Lopez,1957-02-09,violet.lopez662@example.com
663,Layla,Perez,1963-06-02,layla.perez663@example.com
664,Noah,Ramirez,1961-08-07,noah.ramirez664@example.com
665,Emma,Martin,1986-07-06,emma.martin665@example.com
666,Levi,Taylor,2002-07-19,levi.taylor666@example.com
667,Lucas,Walker,1981-11-20,lucas.walker667@example.com
668,Evelyn,Torres,1961-07-20,evelyn.torres668@example.com
669,Mia,Martin,1951-05-09,mia.martin669@example.com
670,Ethan,Rodriguez,1955-06-14,ethan.rodriguez670@example.com
671,Sofia,Wright,1990-08-02,sofia.wright671@example.com
672,Evelyn,Hill,1964-09-08,evelyn.hill672@example.com
673,Isabella,Moore,1999-12-18,isabella.moore673@example.com
674,James,Wright,1988-02-05,james.wright674@example.com
675,Samuel,Scott,1973-02-19,samuel.scott675@example.com
676,Wyatt,Gonzalez,1971-12-31,wyatt.gonzalez676@example.com
677,Chloe,Hernandez,1970-09-08,chloe.hernandez677@example.com
678,Lucas,Brown,1952-01-03,lucas.brown678@example.com
679,Grayson,Moore,2002-12-05,grayson.moore679@example.com
680,Harper,Clark,1989-03-08,harper.clark680@example.com
681,Sofia,Garcia,1964-03-14,sofia.garcia681@example.com
682,Emma,Smith,1965-05-14,emma.smith682@example.com
683,Aiden,Lee,1992-05-27,aiden.lee683@example.com
684,Nora,Perez,1970-06-22,nora.perez684@example.com
685,Leo,Lopez,1955-10-24,leo.lopez685@example.com
686,Luna,Jones,1958-03-04,luna.jones686@example.com
687,Elena,Garcia,2000-07-24,elena.garcia687@example.com
688,Isabella,Miller,1967-06-04,isabella.miller688@example.com
689,Isabella,Perez,1956-09-19,isabella.perez689@example.com
690,Jackson,Rodriguez,1981-05-12,jackson.rodriguez690@example.com
691,Violet,Moore,1980-11-20,violet.moore691@example.com
692,Charlotte,Hernandez,1972-07-20,charlotte.hernandez692@example.com
693,Owen,Sanchez,1996-08-06,owen.sanchez693@example.com
694,Ava,Thompson,1993-10-27,ava.thompson694@example.com
695,Mila,Johnson,1966-09-20,mila.johnson695@example.com
696,Valentina,Brown,1991-06-30,valentina.brown696@example.com
697,Lucia,Ramirez,1974-01-13,lucia.ramirez697@example.com
698,Ava,Robinson,1985-05-15,ava.robinson698@example.com
699,Sophia,Hernandez,1987-03-15,sophia.hernandez699@example.com
700,Camila,Davis,1963-06-02,camila.davis700@example.com
701,Samuel,Wilson,1956-07-13,samuel.wilson701@example.com
702,Mila,Clark,1992-12-30,mila.clark702@example.com
703,Daniel,Sanchez,1990-08-24,daniel.sanchez703@example.com
704,Aurora,Wilson,1996-07-07,aurora.wilson704@example.com
705,Daniel,Thompson,1961-10-17,daniel.thompson705@example.com
706,Evelyn,Jones,2003-05-11,evelyn.jones706@example.com
707,Noah,Thompson,1991-09-02,noah.thompson707@example.com
708,Penelope,Ramirez,1961-11-24,penelope.ramirez708@example.com
709,Lucas,Anderson,1969-08-29,lucas.anderson709@example.com
710,Isaac,Clark,1980-07-29,isaac.clark710@example.com
711,Jack,Martinez,2005-03-10,jack.martinez711@example.com
712,Isaac,Brown,1952-01-30,isaac.brown712@example.com
713,Nora,Lewis,1959-06-23,nora.lewis713@example.com
714,Aurora,Hernandez,1979-08-20,aurora.hernandez714@example.com
715,Sophia,Thomas,2001-02-20,sophia.thomas715@example.com
716,Mila,Wright,1969-05-03,mila.wright716@example.com
717,Grayson,Lopez,1982-08-30,grayson.lopez717@example.com
718,Elena,Perez,1977-05-02,elena.perez718@example.com
719,Jack,Wilson,1962-08-18,jack.wilson719@example.com
720,Isaac,Scott,2004-02-02,isaac.scott720@example.com
721,Elijah,Johnson,1957-08-28,elijah.johnson721@example.com
722,Ava,Martinez,1963-12-02,ava.martinez722@example.com
723,Wyatt,Johnson,1991-04-14,wyatt.johnson723@example.com
724,Luna,Martin,1987-07-07,luna.martin724@example.com
725,Liam,Anderson,1977-07-31,liam.anderson725@example.com
726,Amelia,Nguyen,1972-06-02,amelia.nguyen726@example.com
727,Isaac,Smith,1982-07-05,isaac.smith727@example.com
728,Wyatt,White,2003-10-04,wyatt.white728@example.com
729,Layla,Wilson,1997-10-12,layla.wilson729@example.com
730,Ava,Williams,1978-06-21,ava.williams730@example.com
731,Isabella,Davis,1952-02-25,isabella.davis731@example.com
732,Grayson,Brown,1961-12-22,grayson.brown732@example.com
733,Isaac,Hill,1974-10-19,isaac.hill733@example.com
734,Aiden,Anderson,1975-03-07,aiden.anderson734@example.com
735,Valentina,Hill,1988-04-15,valentina.hill735@example.com
736,Aurora,Taylor,1970-09-16,aurora.taylor736@example.com
737,Penelope,Davis,1958-06-25,penelope.davis737@example.com
738,Mila,Nguyen,1966-10-26,mila.nguyen738@example.com
739,Isabella,Wilson,1968-04-15,isabella.wilson739@example.com
740,Amelia,Lewis,1960-03-18,amelia.lewis740@example.com
741,Chloe,Lewis,1992-04-22,chloe.lewis741@example.com
742,Aurora,Martinez,1966-05-16,aurora.martinez742@example.com
743,Noah,Flores,1978-03-12,noah.flores743@example.com
744,Owen,Garcia,1990-09-28,owen.garcia744@example.com
745,Mila,Garcia,1984-11-22,mila.garcia745@example.com
746,Owen,Walker,1986-07-17,owen.walker746@example.com
747,Liam,Harris,1998-10-16,liam.harris747@example.com
748,Charlotte,White,1957-01-23,charlotte.white748@example.com
749,Gabriel,Clark,1981-08-07,gabriel.clark749@example.com
750,Victoria,Williams,1976-04-07,victoria.williams750@example.com
751,Aria,Garcia,1950-01-22,aria.garcia751@example.com
752,Wyatt,Miller,1968-07-10,wyatt.miller752@example.com
753,James,Harris,2001-10-24,james.harris753@example.com
754,Mila,Brown,1960-08-30,mila.brown754@example.com
755,Gabriel,Jackson,1958-02-14,gabriel.jackson755@example.com
756,Sophia,Williams,1985-10-06,sophia.williams756@example.com
757,Isaac,Garcia,1986-03-06,isaac.garcia757@example.com
758,James,Gonzalez,1966-11-28,james.gonzalez758@example.com
759,Charlotte,Hernandez,1971-03-06,charlotte.hernandez759@example.com
760,Layla,Lopez,1950-05-18,layla.lopez760@example.com
761,Ava,Wright,1961-03-09,ava.wright761@example.com
762,Lucia,Martin,1961-04-20,lucia.martin762@example.com
763,Chloe,Ramirez,1953-06-15,chloe.ramirez763@example.com
764,Lucia,Clark,2002-05-02,lucia.clark764@example.com
765,Camila,Garcia,1993-08-25,camila.garcia765@example.com
766,Charlotte,Wilson,1975-07-23,charlotte.wilson766@example.com
767,Elena,Clark,1957-06-28,elena.clark767@example.com
768,Aria,Ramirez,1953-01-12,aria.ramirez768@example.com
769,Lucas,King,1976-04-24,lucas.king769@example.com
770,Aria,Young,1982-05-26,aria.young770@example.com
771,Elena,Garcia,1958-08-13,elena.garcia771@example.com
772,Aria,Lee,1984-08-13,aria.lee772@example.com
773,Luna,Anderson,1962-06-30,luna.anderson773@example.com
774,Gabriel,Williams,1956-08-21,gabriel.williams774@example.com
775,Camila,Jones,1982-06-03,camila.jones775@example.com
776,Ava,Perez,1965-06-11,ava.perez776@example.com
777,Elijah,Ramirez,1995-06-23,elijah.ramirez777@example.com
778,Camila,Perez,1996-10-05,camila.perez778@example.com
779,Oliver,Walker,1993-03-16,oliver.walker779@example.com
780,James,Taylor,1992-05-19,james.taylor780@example.com
781,Layla,Thomas,1961-08-18,layla.thomas781@example.com
782,Owen,Perez,1980-12-13,owen.perez782@example.com
783,Luna,Robinson,1979-05-13,luna.robinson783@example.com
784,Oliver,Hernandez,1973-10-05,oliver.hernandez784@example.com
785,Grayson,Robinson,1965-10-01,grayson.robinson785@example.com
786,Liam,Williams,1966-08-14,liam.williams786@example.com
787,Harper,Lopez,1956-09-21,harper.lopez787@example.com
788,Penelope,Scott,2001-02-20,penelope.scott788@example.com
789,Aria,Miller,1961-12-19,aria.miller789@example.com
790,Camila,Sanchez,1951-03-09,camila.sanchez790@example.com
791,Charlotte,Martinez,1979-01-19,charlotte.martinez791@example.com
792,Aurora,Moore,1965-12-22,aurora.moore792@example.com
793,Hazel,Harris,1966-12-03,hazel.harris793@example.com
794,Hazel,Flores,1983-01-24,hazel.flores794@example.com
795,Nora,Perez,1986-10-12,nora.perez795@example.com
796,Aiden,Allen,1980-06-23,aiden.allen796@example.com
797,Aurora,Ramirez,1954-02-12,aurora.ramirez797@example.com
798,Jackson,Flores,1977-12-22,jackson.flores798@example.com
799,Luna,King,1971-12-31,luna.king799@example.com
800,Daniel,Flores,1958-04-12,daniel.flores800@example.com
801,Penelope,Miller,1958-07-03,penelope.miller801@example.com
802,Leo,Moore,1955-01-21,leo.moore802@example.com
803,Mila,Rodriguez,1995-03-25,mila.rodriguez803@example.com
804,Layla,Brown,1981-04-10,layla.brown804@example.com
805,Olivia,Robinson,1973-06-17,olivia.robinson805@example.com
806,Luna,Thompson,1988-05-05,luna.thompson806@example.com
807,Mia,Moore,2002-02-04,mia.moore807@example.com
808,Daniel,Moore,1962-05-23,daniel.moore808@example.com
809,Lucia,Jones,1985-11-20,lucia.jones809@example.com
810,James,Walker,1994-04-04,james.walker810@example.com
811,Chloe,Taylor,1966-08-06,chloe.taylor811@example.com
812,Wyatt,Flores,1961-11-16,wyatt.flores812@example.com
813,Camila,Sanchez,1983-12-16,camila.sanchez813@example.com
814,Isaac,Clark,2004-06-25,isaac.clark814@example.com
815,Elijah,Lopez,1988-12-15,elijah.lopez815@example.com
816,Lucia,Wilson,1969-07-05,lucia.wilson816@example.com
817,Oliver,Martin,1962-11-01,oliver.martin817@example.com
818,Nora,Martin,1986-01-28,nora.martin818@example.com
819,Luna,Brown,1970-01-21,luna.brown819@example.com
820,Nora,Williams,1956-08-15,nora.williams820@example.com
821,James,Lee,1997-02-09,james.lee821@example.com
822,Elena,Williams,1968-05-21,elena.williams822@example.com
823,Luna,Walker,1962-03-07,luna.walker823@example.com
824,Layla,Davis,1950-04-06,layla.davis824@example.com
825,Sofia,Lewis,1977-01-05,sofia.lewis825@example.com
826,Liam,Hill,1978-11-12,liam.hill826@example.com
827,Carter,Taylor,1988-11-21,carter.taylor827@example.com
828,Luna,Allen,1986-02-25,luna.allen828@example.com
829,Levi,Martin,1979-04-19,levi.martin829@example.com
830,Aurora,Taylor,1995-01-03,aurora.taylor830@example.com
831,Victoria,Brown,1978-07-28,victoria.brown831@example.com
832,Violet,Jackson,1994-06-19,violet.jackson832@example.com
833,Valentina,Scott,1991-05-29,valentina.scott833@example.com
834,Aria,Jackson,1988-04-25,aria.jackson834@example.com
835,Owen,Miller,1999-04-14,owen.miller835@example.com
836,Oliver,Wilson,1975-10-24,oliver.wilson836@example.com
837,Violet,Sanchez,1996-02-16,violet.sanchez837@example.com
838,Sebastian,Martin,1970-09-11,sebastian.martin838@example.com
839,Sophia,Lewis,1952-06-07,sophia.lewis839@example.com
840,Chloe,King,1995-06-01,chloe.king840@example.com
841,Isabella,Martinez,1963-08-31,isabella.martinez841@example.com
842,Emma,Taylor,1975-12-10,emma.taylor842@example.com
843,Layla,Martin,1993-05-05,layla.martin843@example.com
844,Jack,Martinez,1978-05-12,jack.martinez844@example.com
845,Harper,Lewis,2005-10-06,harper.lewis845@example.com
846,Jack,Nguyen,1954-08-16,jack.nguyen846@example.com
847,Logan,Jones,1988-11-25,logan.jones847@example.com
848,Victoria,Martinez,1998-07-25,victoria.martinez848@example.com
849,Leo,Clark,1954-11-26,leo.clark849@example.com
850,Liam,Harris,1983-09-27,liam.harris850@example.com
851,Daniel,Ramirez,1986-10-25,daniel.ramirez851@example.com
852,Hazel,Robinson,1990-05-08,hazel.robinson852@example.com
853,Jack,Wright,1978-09-22,jack.wright853@example.com
854,Ethan,White,1964-11-19,ethan.white854@example.com
855,Daniel,Allen,1974-02-02,daniel.allen855@example.com
856,Noah,Jones,1994-08-27,noah.jones856@example.com
857,Liam,Gonzalez,1964-09-07,liam.gonzalez857@example.com
858,Valentina,Perez,2004-05-21,valentina.perez858@example.com
859,Noah,Gonzalez,1979-03-09,noah.gonzalez859@example.com
860,Levi,Jackson,1951-10-16,levi.jackson860@example.com
861,Aiden,Scott,1998-02-07,aiden.scott861@example.com
862,Isabella,Williams,1974-03-23,isabella.williams862@example.com
863,Layla,Thompson,1971-09-01,layla.thompson863@example.com
864,Mila,Smith,1957-12-19,mila.smith864@example.com
865,Aiden,Johnson,1952-03-19,aiden.johnson865@example.com
866,Gabriel,Hill,1950-01-04,gabriel.hill866@example.com
867,Mila,Young,1983-10-18,mila.young867@example.com
868,Samuel,Johnson,1978-02-11,samuel.johnson868@example.com
869,Grayson,Taylor,2005-06-05,grayson.taylor869@example.com
870,Daniel,Jones,1958-11-02,daniel.jones870@example.com
871,Violet,Brown,1995-05-19,violet.brown871@example.com
872,Sofia,Walker,1963-08-25,sofia.walker872@example.com
873,Valentina,Jones,1965-08-20,valentina.jones873@example.com
874,Levi,Allen,1960-03-31,levi.allen874@example.com
875,Mateo,Allen,1950-09-22,mateo.allen875@example.com
876,Oliver,White,1990-07-20,oliver.white876@example.com
877,Lucas,Smith,1961-10-12,lucas.smith877@example.com
878,Nora,Robinson,1998-03-25,nora.robinson878@example.com
879,Luna,Taylor,1998-05-18,luna.taylor879@example.com
880,Noah,Nguyen,1974-03-10,noah.nguyen880@example.com
881,Gabriel,Torres,1991-06-14,gabriel.torres881@example.com
882,Aiden,Gonzalez,1995-07-25,aiden.gonzalez882@example.com
883,Isabella,Ramirez,1965-12-04,isabella.ramirez883@example.com
884,Olivia,Jackson,1951-10-19,olivia.jackson884@example.com
885,Daniel,Thompson,1992-04-01,daniel.thompson885@example.com
886,James,Scott,1994-08-22,james.scott886@example.com
887,Ethan,Walker,1991-03-08,ethan.walker887@example.com
888,Harper,Flores,1950-03-21,harper.flores888@example.com
889,Olivia,Lopez,1953-02-21,olivia.lopez889@example.com
890,Mila,Miller,1987-09-15,mila.miller890@example.com
891,Hazel,Torres,1956-04-04,hazel.torres891@example.com
892,Lucia,Lopez,2004-12-21,lucia.lopez892@example.com
893,Jack,Lopez,1963-08-28,jack.lopez893@example.com
894,Carter,Clark,1993-07-13,carter.clark894@example.com
895,Amelia,Rodriguez,1988-08-06,amelia.rodriguez895@example.com
896,Sophia,White,1977-05-13,sophia.white896@example.com
897,Leo,Jackson,1988-03-17,leo.jackson897@example.com
898,Penelope,Clark,1994-06-24,penelope.clark898@example.com
899,Levi,Davis,1981-01-14,levi.davis899@example.com
900,Logan,Thompson,1973-02-01,logan.thompson900@example.com
901,Camila,Lopez,1956-01-31,camila.lopez901@example.com
902,Jack,White,2000-03-18,jack.white902@example.com
903,Logan,Wilson,1997-04-03,logan.wilson903@example.com
904,Logan,Brown,1953-01-08,logan.brown904@example.com
905,Nora,Jackson,1988-09-27,nora.jackson905@example.com
906,Emma,Miller,1974-04-17,emma.miller906@example.com
907,Amelia,Taylor,2004-11-21,amelia.taylor907@example.com
908,Mateo,Garcia,2001-05-30,mateo.garcia908@example.com
909,Nora,Clark,1995-03-27,nora.clark909@example.com
910,Camila,Nguyen,1992-09-14,camila.nguyen910@example.com
911,Isaac,Perez,1977-12-26,isaac.perez911@example.com
912,Gabriel,Gonzalez,1975-04-27,gabriel.gonzalez912@example.com
913,Aria,Martinez,1971-12-30,aria.martinez913@example.com
914,Emma,Walker,1980-10-11,emma.walker914@example.com
915,Liam,Garcia,1991-09-04,liam.garcia915@example.com
916,Lucas,Torres,1972-11-25,lucas.torres916@example.com
917,Lucia,Torres,1970-05-28,lucia.torres917@example.com
918,Logan,Ramirez,1991-10-31,logan.ramirez918@example.com
919,Luna,Lewis,1970-10-23,luna.lewis919@example.com
920,Noah,Taylor,1974-08-22,noah.taylor920@example.com
921,Lucia,Ramirez,2005-02-05,lucia.ramirez921@example.com
922,Logan,Sanchez,1996-10-08,logan.sanchez922@example.com
923,Aria,Ramirez,1981-10-29,aria.ramirez923@example.com
924,Lucas,Allen,1989-02-20,lucas.allen924@example.com
925,Samuel,Sanchez,1969-12-21,samuel.sanchez925@example.com
926,Benjamin,Allen,1995-04-29,benjamin.allen926@example.com
927,Aurora,Moore,2002-06-14,aurora.moore927@example.com
928,Valentina,Hernandez,1997-01-23,valentina.hernandez928@example.com
929,Carter,Wilson,1951-08-12,carter.wilson929@example.com
930,Ethan,Ramirez,1984-06-15,ethan.ramirez930@example.com
931,Mia,Hill,1950-07-21,mia.hill931@example.com
932,Lucas,Gonzalez,1950-07-09,lucas.gonzalez932@example.com
933,Lucas,Wright,1992-10-18,lucas.wright933@example.com
934,Emma,Hernandez,1953-10-01,emma.hernandez934@example.com
935,Leo,Lopez,1996-06-30,leo.lopez935@example.com
936,Mia,Taylor,1995-01-11,mia.taylor936@example.com
937,Liam,Harris,1979-10-09,liam.harris937@example.com
938,Lucia,Robinson,1954-10-16,lucia.robinson938@example.com
939,Penelope,Brown,1956-09-30,penelope.brown939@example.com
940,Samuel,Rodriguez,1971-10-24,samuel.rodriguez940@example.com
941,Isabella,Martin,1998-08-02,isabella.martin941@example.com
942,Mia,Gonzalez,1995-02-28,mia.gonzalez942@example.com
943,Grayson,Martin,2003-06-22,grayson.martin943@example.com
944,Chloe,Lewis,1971-12-25,chloe.lewis944@example.com
945,Mia,Martinez,1965-05-22,mia.martinez945@example.com
946,Nora,Taylor,1977-04-01,nora.taylor946@example.com
947,Penelope,Walker,1997-08-10,penelope.walker947@example.com
948,Aurora,Miller,1961-10-23,aurora.miller948@example.com
949,Mila,Thompson,1974-06-21,mila.thompson949@example.com
950,Mia,Gonzalez,1952-10-15,mia.gonzalez950@example.com
951,Sofia,Flores,1997-09-26,sofia.flores951@example.com
952,Luna,Perez,1951-08-04,luna.perez952@example.com
953,Lucas,Lee,1982-02-20,lucas.lee953@example.com
954,Sofia,Smith,1972-09-16,sofia.smith954@example.com
955,Isaac,Thompson,1978-05-07,isaac.thompson955@example.com
956,Levi,Thompson,1966-05-15,levi.thompson956@example.com
957,Leo,Young,1970-07-26,leo.young957@example.com
958,James,Gonzalez,1971-06-22,james.gonzalez958@example.com
959,Wyatt,Rodriguez,1953-01-06,wyatt.rodriguez959@example.com
960,Grayson,White,1992-12-07,grayson.white960@example.com
961,Olivia,Flores,1963-05-28,olivia.flores961@example.com
962,Lucia,Clark,1990-07-11,lucia.clark962@example.com
963,Carter,Scott,1962-09-11,carter.scott963@example.com
964,Olivia,Lopez,1990-09-21,olivia.lopez964@example.com
965,Valentina,Hill,1975-08-27,valentina.hill965@example.com
966,Ava,Smith,2000-02-15,ava.smith966@example.com
967,Jackson,Moore,1999-12-25,jackson.moore967@example.com
968,Emma,Davis,2005-10-08,emma.davis968@example.com
969,Daniel,Clark,1993-05-30,daniel.clark969@example.com
970,Carter,King,1976-11-21,carter.king970@example.com
971,Nora,Wright,1985-07-08,nora.wright971@example.com
972,Elena,Hill,1968-10-21,elena.hill972@example.com
973,Levi,Davis,1982-05-04,levi.davis973@example.com
974,Sofia,Garcia,1980-06-12,sofia.garcia974@example.com
975,Aiden,Brown,1976-01-18,aiden.brown975@example.com
976,Mateo,Thomas,1991-05-11,mateo.thomas976@example.com
977,Sebastian,Nguyen,1971-02-14,sebastian.nguyen977@example.com
978,Gabriel,Wilson,2002-04-17,gabriel.wilson978@example.com
979,Elijah,Wright,1961-06-03,elijah.wright979@example.com
980,Lucia,Miller,1963-03-14,lucia.miller980@example.com
981,Lucas,Williams,1972-03-24,lucas.williams981@example.com
982,Jack,Brown,1987-02-17,jack.brown982@example.com
983,Daniel,Wilson,1990-05-29,daniel.wilson983@example.com
984,Sofia,King,1966-09-19,sofia.king984@example.com
985,Victoria,King,1987-09-12,victoria.king985@example.com
986,Victoria,White,1998-01-07,victoria.white986@example.com
987,Liam,Taylor,1994-02-02,liam.taylor987@example.com
988,Lucas,Allen,1953-03-10,lucas.allen988@example.com
989,Grayson,Martin,1995-06-10,grayson.martin989@example.com
990,Aiden,Anderson,1998-03-21,aiden.anderson990@example.com
991,Logan,Harris,1997-08-07,logan.harris991@example.com
992,Aurora,Ramirez,1971-01-27,aurora.ramirez992@example.com
993,Grayson,Garcia,1983-07-28,grayson.garcia993@example.com
994,Violet,Hernandez,1957-07-27,violet.hernandez994@example.com
995,Gabriel,Torres,1976-03-12,gabriel.torres995@example.com
996,Penelope,Torres,1990-03-17,penelope.torres996@example.com
997,Penelope,Lopez,1975-03-22,penelope.lopez997@example.com
998,Penelope,Clark,2002-10-17,penelope.clark998@example.com
999,Aiden,Davis,1954-06-01,aiden.davis999@example.com
1000,Jackson,Torres,1987-06-14,jackson.torres1000@example.com
1001,Liam,Anderson,1984-01-27,liam.anderson1001@example.com
1002,Logan,Gonzalez,2001-02-16,logan.gonzalez1002@example.com
1003,Charlotte,Davis,1953-06-01,charlotte.davis1003@example.com
1004,Evelyn,Martinez,1988-02-25,evelyn.martinez1004@example.com
1005,Sophia,Williams,1959-05-10,sophia.williams1005@example.com
1006,Samuel,Lewis,2001-10-15,samuel.lewis1006@example.com
1007,Charlotte,Torres,1972-05-07,charlotte.torres1007@example.com
1008,Sofia,Miller,1993-02-13,sofia.miller1008@example.com
1009,Lucas,Thomas,1996-08-19,lucas.thomas1009@example.com
1010,Owen,Lopez,1999-04-24,owen.lopez1010@example.com
1011,Mateo,Wilson,2004-04-27,mateo.wilson1011@example.com
1012,Amelia,Torres,2002-07-08,amelia.torres1012@example.com
1013,Elena,Lee,1955-05-15,elena.lee1013@example.com
1014,Mia,Hill,1997-06-06,mia.hill1014@example.com
1015,Luna,Jackson,1959-12-24,luna.jackson1015@example.com
1016,Samuel,Wright,1979-11-22,samuel.wright1016@example.com
1017,Mila,White,1962-10-23,mila.white1017@example.com
1018,Leo,Hill,1999-03-20,leo.hill1018@example.com
1019,Isaac,Lee,1964-03-05,isaac.lee1019@example.com
1020,Elijah,Anderson,1953-06-17,elijah.anderson1020@example.com
1021,Aria,Walker,1985-10-18,aria.walker1021@example.com
1022,Aria,Rodriguez,1980-11-24,aria.rodriguez1022@example.com
1023,Ava,Thompson,1989-05-26,ava.thompson1023@example.com
1024,Gabriel,Garcia,1997-06-29,gabriel.garcia1024@example.com
1025,Mateo,Lee,1974-04-26,mateo.lee1025@example.com
1026,Ava,Johnson,1981-02-13,ava.johnson1026@example.com
1027,Evelyn,Brown,1971-11-28,evelyn.brown1027@example.com
1028,Wyatt,Lewis,1955-11-30,wyatt.lewis1028@example.com
1029,Violet,Thomas,1957-11-24,violet.thomas1029@example.com
1030,Jack,Miller,1959-10-14,jack.miller1030@example.com
1031,Grayson,Young,1965-03-18,grayson.young1031@example.com
1032,Layla,Garcia,1982-03-30,layla.garcia1032@example.com
1033,Gabriel,King,1965-06-10,gabriel.king1033@example.com
1034,Nora,Nguyen,1960-08-05,nora.nguyen1034@example.com
1035,Penelope,Lopez,1965-07-18,penelope.lopez1035@example.com
1036,Violet,Anderson,1957-11-28,violet.anderson1036@example.com
1037,Olivia,Lopez,1971-11-12,olivia.lopez1037@example.com
1038,Elijah,Lopez,1999-02-10,elijah.lopez1038@example.com
1039,Valentina,King,1991-07-23,valentina.king1039@example.com
1040,Luna,Young,1983-12-09,luna.young1040@example.com
1041,Owen,Sanchez,1962-08-29,owen.sanchez1041@example.com
1042,Ava,Taylor,1957-04-17,ava.taylor1042@example.com
1043,Harper,Gonzalez,1987-03-27,harper.gonzalez1043@example.com
1044,Sophia,Young,2004-05-08,sophia.young1044@example.com
1045,Charlotte,Wright,1997-12-04,charlotte.wright1045@example.com
1046,Aurora,Hernandez,1993-01-08,aurora.hernandez1046@example.com
1047,Levi,Smith,1973-04-26,levi.smith1047@example.com
1048,Noah,Thomas,1974-05-27,noah.thomas1048@example.com
1049,Victoria,Thomas,1989-11-18,victoria.thomas1049@example.com
1050,Lucas,Hill,1955-05-21,lucas.hill1050@example.com
1051,Carter,Anderson,1983-10-07,carter.anderson1051@example.com
1052,Chloe,Scott,1963-09-06,chloe.scott1052@example.com
1053,Jack,Wilson,1994-09-17,jack.wilson1053@example.com
1054,Jackson,King,1991-01-13,jackson.king1054@example.com
1055,Lucas,Anderson,1968-06-24,lucas.anderson1055@example.com
1056,Hazel,Davis,1993-06-14,hazel.davis1056@example.com
1057,Amelia,Wright,1962-10-11,amelia.wright1057@example.com
1058,Owen,Young,1983-05-07,owen.young1058@example.com
1059,Levi,Nguyen,1988-06-11,levi.nguyen1059@example.com
1060,Lucas,Lewis,1968-01-28,lucas.lewis1060@example.com
1061,Mia,Smith,1993-09-22,mia.smith1061@example.com
1062,Chloe,Hernandez,1960-12-25,chloe.hernandez1062@example.com
1063,Daniel,Walker,1963-05-06,daniel.walker1063@example.com
1064,Violet,Smith,1952-11-02,violet.smith1064@example.com
1065,Owen,Lewis,2005-09-25,owen.lewis1065@example.com
1066,Jack,Martinez,1962-04-12,jack.martinez1066@example.com
1067,Victoria,Williams,1978-01-23,victoria.williams1067@example.com
1068,Amelia,Jones,1965-09-18,amelia.jones1068@example.com
1069,Lucia,Anderson,1951-02-25,lucia.anderson1069@example.com
1070,Isaac,Wilson,1983-11-30,isaac.wilson1070@example.com
1071,James,Young,1960-03-30,james.young1071@example.com
1072,Isaac,Thomas,1960-06-18,isaac.thomas1072@example.com
1073,Oliver,Anderson,1979-03-26,oliver.anderson1073@example.com
1074,Sofia,Jackson,1990-01-10,sofia.jackson1074@example.com
1075,Mateo,Anderson,1996-01-31,mateo.anderson1075@example.com
1076,Olivia,Jackson,1970-12-13,olivia.jackson1076@example.com
1077,Isaac,Thompson,1967-02-10,isaac.thompson1077@example.com
1078,Gabriel,Flores,1970-06-02,gabriel.flores1078@example.com
1079,Jack,Clark,2005-11-30,jack.clark1079@example.com
1080,Grayson,Robinson,1993-12-31,grayson.robinson1080@example.com
1081,Olivia,Flores,1975-02-05,olivia.flores1081@example.com
1082,Wyatt,Wright,1983-11-11,wyatt.wright1082@example.com
1083,Owen,Sanchez,1962-07-08,owen.sanchez1083@example.com
1084,Camila,King,1990-01-16,camila.king1084@example.com
1085,Levi,Martin,1951-02-14,levi.martin1085@example.com
1086,Evelyn,Rodriguez,1988-12-31,evelyn.rodriguez1086@example.com
1087,Noah,Young,1977-10-27,noah.young1087@example.com
1088,Gabriel,Davis,1974-12-14,gabriel.davis1088@example.com
1089,Sofia,Moore,1960-05-31,sofia.moore1089@example.com
1090,Evelyn,Miller,1970-02-07,evelyn.miller1090@example.com
1091,Isaac,Harris,1988-09-06,isaac.harris1091@example.com
1092,Carter,Martin,1991-01-03,carter.martin1092@example.com
1093,Aria,Gonzalez,1964-08-14,aria.gonzalez1093@example.com
1094,Layla,Lee,1956-12-05,layla.lee1094@example.com
1095,Aria,Anderson,1998-07-12,aria.anderson1095@example.com
1096,Penelope,Rodriguez,1986-06-15,penelope.rodriguez1096@example.com
1097,Grayson,Lewis,2002-08-03,grayson.lewis1097@example.com
1098,Owen,Wilson,1966-07-27,owen.wilson1098@example.com
1099,Noah,Lopez,1957-12-29,noah.lopez1099@example.com
1100,Ethan,Lopez,1983-05-31,ethan.lopez1100@example.com
1101,Sebastian,Anderson,1960-10-11,sebastian.anderson1101@example.com
1102,James,Allen,1978-05-01,james.allen1102@example.com
1103,Harper,Wilson,1994-11-19,harper.wilson1103@example.com
1104,Mila,Anderson,1969-10-24,mila.anderson1104@example.com
1105,Liam,Young,1982-09-18,liam.young1105@example.com
1106,Samuel,Martin,1959-02-04,samuel.martin1106@example.com
1107,Aiden,Taylor,1986-02-22,aiden.taylor1107@example.com
1108,Jack,Thomas,1975-10-21,jack.thomas1108@example.com
1109,Mateo,Moore,1994-11-02,mateo.moore1109@example.com
1110,Lucas,Sanchez,1995-01-04,lucas.sanchez1110@example.com
1111,Sebastian,Walker,1965-02-22,sebastian.walker1111@example.com
1112,James,Anderson,1999-06-14,james.anderson1112@example.com
1113,Elijah,Ramirez,1953-12-22,elijah.ramirez1113@example.com
1114,Gabriel,Wright,1978-12-09,gabriel.wright1114@example.com
1115,Aiden,Williams,1962-10-10,aiden.williams1115@example.com
1116,Carter,Clark,1988-03-08,carter.clark1116@example.com
1117,Daniel,Clark,2002-08-27,daniel.clark1117@example.com
1118,Violet,White,1975-08-11,violet.white1118@example.com
1119,Penelope,Young,1950-03-16,penelope.young1119@example.com
1120,Olivia,Thomas,2000-12-29,olivia.thomas1120@example.com
1121,Olivia,Clark,1973-04-29,olivia.clark1121@example.com
1122,Grayson,Robinson,1980-01-26,grayson.robinson1122@example.com
1123,Leo,Williams,1951-09-30,leo.williams1123@example.com
1124,Amelia,Wright,1956-05-26,amelia.wright1124@example.com
1125,Aria,Lopez,1970-05-19,aria.lopez1125@example.com
1126,Evelyn,Wilson,1959-04-02,evelyn.wilson1126@example.com
1127,Harper,Ramirez,1959-10-18,harper.ramirez1127@example.com
1128,Leo,Lee,1975-06-09,leo.lee1128@example.com
1129,Logan,Moore,1963-01-29,logan.moore1129@example.com
1130,Hazel,Nguyen,1977-02-07,hazel.nguyen1130@example.com
1131,Owen,Torres,1971-05-15,owen.torres1131@example.com
1132,Chloe,Johnson,1957-10-13,chloe.johnson1132@example.com
1133,Mia,Brown,1959-08-22,mia.brown1133@example.com
1134,Chloe,Ramirez,1993-03-16,chloe.ramirez1134@example.com
1135,Daniel,White,2003-05-09,daniel.white1135@example.com
1136,Mia,Wright,1997-07-22,mia.wright1136@example.com
1137,Aria,Johnson,1963-03-04,aria.johnson1137@example.com
1138,Isabella,Lopez,1997-09-07,isabella.lopez1138@example.com
1139,Amelia,Jones,1960-01-08,amelia.jones1139@example.com
1140,Ava,Wilson,1963-05-31,ava.wilson1140@example.com
1141,Logan,White,1964-05-30,logan.white1141@example.com
1142,Charlotte,Taylor,1986-12-05,charlotte.taylor1142@example.com
1143,Lucas,King,1999-03-01,lucas.king1143@example.com
1144,Valentina,Ramirez,1978-11-26,valentina.ramirez1144@example.com
1145,James,Taylor,1968-10-23,james.taylor1145@example.com
1146,Evelyn,Young,2003-10-20,evelyn.young1146@example.com
1147,Grayson,Williams,1982-12-07,grayson.williams1147@example.com
1148,Aria,Young,1998-12-28,aria.young1148@example.com
1149,Wyatt,Lopez,1983-03-26,wyatt.lopez1149@example.com
1150,Valentina,Lewis,1973-09-11,valentina.lewis1150@example.com
1151,Gabriel,Lewis,1951-01-07,gabriel.lewis1151@example.com
1152,Liam,Young,1972-07-25,liam.young1152@example.com
1153,Mila,Thomas,1963-08-14,mila.thomas1153@example.com
1154,Mateo,Lewis,1966-09-16,mateo.lewis1154@example.com
1155,Harper,Jones,1999-12-20,harper.jones1155@example.com
1156,Daniel,Harris,1965-05-04,daniel.harris1156@example.com
1157,Aiden,Walker,1970-05-13,aiden.walker1157@example.com
1158,Luna,Taylor,1953-12-28,luna.taylor1158@example.com
1159,Carter,Johnson,1974-07-24,carter.johnson1159@example.com
1160,Nora,King,1997-03-16,nora.king1160@example.com
1161,Grayson,Williams,1999-06-22,grayson.williams1161@example.com
1162,Oliver,White,1954-08-25,oliver.white1162@example.com
1163,Aiden,Rodriguez,1975-02-06,aiden.rodriguez1163@example.com
1164,Penelope,Williams,1966-03-25,penelope.williams1164@example.com
1165,Jackson,Harris,1960-07-25,jackson.harris1165@example.com
1166,Leo,Scott,1992-10-16,leo.scott1166@example.com
1167,Olivia,Sanchez,2002-02-19,olivia.sanchez1167@example.com
1168,Leo,Martinez,1978-04-15,leo.martinez1168@example.com
1169,Aiden,Martin,1965-04-23,aiden.martin1169@example.com
1170,Valentina,Thomas,1974-05-31,valentina.thomas1170@example.com
1171,Layla,Williams,1975-05-27,layla.williams1171@example.com
1172,Harper,Flores,1992-01-02,harper.flores1172@example.com
1173,Emma,Young,1981-12-07,emma.young1173@example.com
1174,James,Wright,1961-02-14,james.wright1174@example.com
1175,Aurora,Johnson,1985-11-25,aurora.johnson1175@example.com
1176,Aiden,Jackson,1980-12-08,aiden.jackson1176@example.com
1177,Elijah,Jones,1985-08-02,elijah.jones1177@example.com
1178,Sofia,Thomas,1990-09-03,sofia.thomas1178@example.com
1179,Logan,White,1979-06-14,logan.white1179@example.com
1180,Owen,Martinez,1978-01-13,owen.martinez1180@example.com
1181,Grayson,Jones,1959-03-27,grayson.jones1181@example.com
1182,Elijah,Torres,2004-12-13,elijah.torres1182@example.com
1183,Gabriel,Hernandez,1990-11-26,gabriel.hernandez1183@example.com
1184,Isaac,Young,1964-01-16,isaac.young1184@example.com
1185,James,Moore,1987-07-26,james.moore1185@example.com
1186,Owen,Harris,1990-08-25,owen.harris1186@example.com
1187,Elena,Perez,1973-02-26,elena.perez1187@example.com
1188,Victoria,Martinez,1959-07-10,victoria.martinez1188@example.com
1189,Mia,Robinson,1966-02-03,mia.robinson1189@example.com
1190,Isaac,Jones,1958-12-01,isaac.jones1190@example.com
1191,Mila,Martin,1980-10-29,mila.martin1191@example.com
1192,Isabella,Smith,1967-06-17,isabella.smith1192@example.com
1193,Mila,Thomas,2000-03-06,mila.thomas1193@example.com
1194,Benjamin,Flores,2005-01-14,benjamin.flores1194@example.com
1195,Aria,Nguyen,1986-02-20,aria.nguyen1195@example.com
1196,Liam,Martinez,1973-11-13,liam.martinez1196@example.com
1197,Carter,Jones,1971-02-24,carter.jones1197@example.com
1198,Harper,Torres,1995-08-31,harper.torres1198@example.com
1199,Luna,Jones,1977-01-30,luna.jones1199@example.com
1200,Lucas,King,1996-10-05,lucas.king1200@example.com
1201,Carter,Walker,2000-05-12,carter.walker1201@example.com
1202,Luna,King,1962-10-14,luna.king1202@example.com
1203,Isabella,Lewis,1981-12-31,isabella.lewis1203@example.com
1204,James,Young,1981-07-19,james.young1204@example.com
1205,Isaac,Smith,1982-07-01,isaac.smith1205@example.com
1206,Wyatt,Brown,1964-01-20,wyatt.brown1206@example.com
1207,Charlotte,Nguyen,1964-11-08,charlotte.nguyen1207@example.com
1208,Penelope,Smith,1980-12-23,penelope.smith1208@example.com
1209,Samuel,Robinson,1993-11-18,samuel.robinson1209@example.com
1210,Nora,Harris,1977-01-23,nora.harris1210@example.com
1211,Mila,Perez,1963-04-16,mila.perez1211@example.com
1212,Lucas,Thompson,1956-04-22,lucas.thompson1212@example.com
1213,Olivia,Young,1995-12-29,olivia.young1213@example.com
1214,Sophia,Miller,1974-07-23,sophia.miller1214@example.com
1215,Logan,Robinson,2005-07-16,logan.robinson1215@example.com
1216,Jackson,Sanchez,1962-06-26,jackson.sanchez1216@example.com
1217,Olivia,Allen,1980-08-02,olivia.allen1217@example.com
1218,Emma,Perez,1972-02-29,emma.perez1218@example.com
1219,Levi,Torres,1994-03-06,levi.torres1219@example.com
1220,Amelia,Young,1999-10-10,amelia.young1220@example.com
1221,Oliver,Martin,1995-01-14,oliver.martin1221@example.com
1222,Noah,Brown,1960-08-24,noah.brown1222@example.com
1223,Hazel,Wilson,1979-04-10,hazel.wilson1223@example.com
1224,Layla,Williams,1954-11-27,layla.williams1224@example.com
1225,Chloe,White,1986-05-08,chloe.white1225@example.com
1226,Hazel,Anderson,1997-05-14,hazel.anderson1226@example.com
1227,Olivia,Williams,1972-12-06,olivia.williams1227@example.com
1228,Chloe,Nguyen,1992-05-22,chloe.nguyen1228@example.com
1229,Mia,Wright,1951-08-26,mia.wright1229@example.com
1230,Elena,King,1996-07-29,elena.king1230@example.com
1231,Aria,Nguyen,1991-09-28,aria.nguyen1231@example.com
1232,Sofia,Walker,1968-10-29,sofia.walker1232@example.com
1233,Mila,Rodriguez,2001-11-10,mila.rodriguez1233@example.com
1234,Ava,Sanchez,2004-11-06,ava.sanchez1234@example.com
1235,Isaac,Rodriguez,1963-03-01,isaac.rodriguez1235@example.com
1236,Isaac,Flores,1966-05-19,isaac.flores1236@example.com
1237,Violet,Gonzalez,1958-03-19,violet.gonzalez1237@example.com
1238,Daniel,Hill,1994-08-08,daniel.hill1238@example.com
1239,Evelyn,Lee,1998-11-18,evelyn.lee1239@example.com
1240,Olivia,Hernandez,1999-10-23,olivia.hernandez1240@example.com
1241,Owen,Scott,1994-10-27,owen.scott1241@example.com
1242,Amelia,Hernandez,1981-07-22,amelia.hernandez1242@example.com
1243,Samuel,Lee,1994-04-20,samuel.lee1243@example.com
1244,Aria,Gonzalez,1955-09-03,aria.gonzalez1244@example.com
1245,Amelia,Allen,1974-11-22,amelia.allen1245@example.com
1246,Hazel,Hernandez,1966-09-04,hazel.hernandez1246@example.com
1247,Ava,Nguyen,1971-04-02,ava.nguyen1247@example.com
1248,Lucas,Thomas,1977-04-02,lucas.thomas1248@example.com
1249,Elena,Williams,1979-09-19,elena.williams1249@example.com
1250,Jack,Anderson,1976-03-25,jack.anderson1250@example.com
1251,Owen,Walker,1957-11-25,owen.walker1251@example.com
1252,Ethan,Torres,1976-06-01,ethan.torres1252@example.com
1253,Elena,Lopez,1978-01-07,elena.lopez1253@example.com
1254,James,Jones,1977-01-31,james.jones1254@example.com
1255,Olivia,Scott,1971-08-08,olivia.scott1255@example.com
1256,James,Torres,1963-01-08,james.torres1256@example.com
1257,Levi,Perez,1971-08-27,levi.perez1257@example.com
1258,Emma,Torres,1951-03-04,emma.torres1258@example.com
1259,Jackson,Martinez,1971-02-13,jackson.martinez1259@example.com
1260,Oliver,Martin,1977-09-29,oliver.martin1260@example.com
1261,Samuel,Allen,1958-06-30,samuel.allen1261@example.com
1262,Ava,Hill,1984-04-26,ava.hill1262@example.com
1263,Benjamin,Davis,2003-11-08,benjamin.davis1263@example.com
1264,Layla,White,1993-10-24,layla.white1264@example.com
1265,Ava,Flores,1962-11-17,ava.flores1265@example.com
1266,Jack,Jones,1989-06-23,jack.jones1266@example.com
1267,Mateo,Torres,2003-08-31,mateo.torres1267@example.com
1268,Violet,Clark,1955-05-03,violet.clark1268@example.com
1269,Valentina,King,1983-09-15,valentina.king1269@example.com
1270,Sebastian,Flores,1976-12-30,sebastian.flores1270@example.com
1271,Jackson,Martin,1981-09-04,jackson.martin1271@example.com
1272,Aiden,Allen,1974-11-13,aiden.allen1272@example.com
1273,Benjamin,Wilson,1974-01-12,benjamin.wilson1273@example.com
1274,Jackson,Taylor,1963-12-13,jackson.taylor1274@example.com
1275,Liam,Scott,2000-03-15,liam.scott1275@example.com
1276,Noah,Torres,1985-07-21,noah.torres1276@example.com
1277,Leo,Perez,1970-06-10,leo.perez1277@example.com
1278,Daniel,Taylor,1970-07-10,daniel.taylor1278@example.com
1279,Aurora,Nguyen,1989-11-06,aurora.nguyen1279@example.com
1280,Camila,Hill,1954-11-16,camila.hill1280@example.com
1281,Elijah,Thomas,1996-01-25,elijah.thomas1281@example.com
1282,Layla,White,1980-06-28,layla.white1282@example.com
1283,Isaac,Martinez,1967-03-25,isaac.martinez1283@example.com
1284,Elena,Anderson,1986-01-24,elena.anderson1284@example.com
1285,Elena,Perez,2003-06-02,elena.perez1285@example.com
1286,Isabella,Taylor,1989-09-08,isabella.taylor1286@example.com
1287,Lucia,Allen,1957-04-10,lucia.allen1287@example.com
1288,Valentina,Davis,1970-12-28,valentina.davis1288@example.com
1289,Chloe,Johnson,1978-05-16,chloe.johnson1289@example.com
1290,Olivia,Miller,1978-04-01,olivia.miller1290@example.com
1291,Violet,Williams,1997-04-01,violet.williams1291@example.com
1292,Aria,Robinson,1992-02-27,aria.robinson1292@example.com
1293,Wyatt,Flores,1976-11-13,wyatt.flores1293@example.com
1294,Carter,Flores,1976-06-20,carter.flores1294@example.com
1295,Gabriel,Moore,1975-07-27,gabriel.moore1295@example.com
1296,Gabriel,Nguyen,1954-05-14,gabriel.nguyen1296@example.com
1297,Carter,Sanchez,1966-07-27,carter.sanchez1297@example.com
1298,James,Rodriguez,1954-06-05,james.rodriguez1298@example.com
1299,Chloe,Nguyen,2005-09-18,chloe.nguyen1299@example.com
1300,Evelyn,Torres,1992-12-18,evelyn.torres1300@example.com
1301,Luna,Thomas,1967-04-10,luna.thomas1301@example.com
1302,Evelyn,Allen,1978-09-09,evelyn.allen1302@example.com
1303,Grayson,Hill,1973-03-09,grayson.hill1303@example.com
1304,Elijah,Robinson,1950-05-15,elijah.robinson1304@example.com
1305,Victoria,King,1957-03-11,victoria.king1305@example.com
1306,Mila,Young,1964-01-30,mila.young1306@example.com
1307,Oliver,Lee,1990-01-11,oliver.lee1307@example.com
1308,Mia,Moore,1970-09-05,mia.moore1308@example.com
1309,Sebastian,Martinez,2001-12-15,sebastian.martinez1309@example.com
1310,Wyatt,Nguyen,1974-06-07,wyatt.nguyen1310@example.com
1311,Violet,Robinson,1995-09-27,violet.robinson1311@example.com
1312,Camila,Thomas,1970-08-03,camila.thomas1312@example.com
1313,Samuel,Hill,1994-04-20,samuel.hill1313@example.com
1314,Aurora,Robinson,2000-11-24,aurora.robinson1314@example.com
1315,Evelyn,White,1991-06-03,evelyn.white1315@example.com
1316,Sebastian,Robinson,1956-04-19,sebastian.robinson1316@example.com
1317,Isaac,Jones,1994-07-24,isaac.jones1317@example.com
1318,Luna,Perez,2000-09-04,luna.perez1318@example.com
1319,Lucas,Scott,1983-05-01,lucas.scott1319@example.com
1320,Logan,Scott,1959-05-12,logan.scott1320@example.com
1321,Amelia,Williams,1986-07-16,amelia.williams1321@example.com
1322,Carter,Wright,1994-03-29,carter.wright1322@example.com
1323,Jack,Thompson,1976-09-03,jack.thompson1323@example.com
1324,Violet,Wright,1975-06-22,violet.wright1324@example.com
1325,Evelyn,Hill,1961-05-15,evelyn.hill1325@example.com
1326,Levi,Sanchez,1950-10-27,levi.sanchez1326@example.com
1327,James,Flores,2002-04-11,james.flores1327@example.com
1328,Camila,Jones,1952-08-21,camila.jones1328@example.com
1329,Carter,Taylor,1978-12-08,carter.taylor1329@example.com
1330,Daniel,Thompson,1984-07-15,daniel.thompson1330@example.com
1331,Gabriel,King,1983-05-26,gabriel.king1331@example.com
1332,Owen,Hill,1960-02-04,owen.hill1332@example.com
1333,Sebastian,Brown,1975-12-30,sebastian.brown1333@example.com
1334,Evelyn,Martin,1978-03-10,evelyn.martin1334@example.com
1335,Oliver,Robinson,1984-07-13,oliver.robinson1335@example.com
1336,Sophia,Martin,1965-11-27,sophia.martin1336@example.com
1337,Chloe,Clark,1989-07-07,chloe.clark1337@example.com
1338,Layla,Martinez,1980-07-19,layla.martinez1338@example.com
1339,Ethan,Ramirez,1964-05-04,ethan.ramirez1339@example.com
1340,Leo,Young,1998-02-07,leo.young1340@example.com
1341,Chloe,White,1954-01-25,chloe.white1341@example.com
1342,Gabriel,White,2003-06-04,gabriel.white1342@example.com
1343,Ethan,Martinez,2001-06-22,ethan.martinez1343@example.com
1344,Benjamin,Hill,1960-04-17,benjamin.hill1344@example.com
1345,Ava,Wright,1981-04-04,ava.wright1345@example.com
1346,Hazel,Jones,1985-02-24,hazel.jones1346@example.com
1347,Isaac,Taylor,2002-01-21,isaac.taylor1347@example.com
1348,Lucia,Miller,2004-07-21,lucia.miller1348@example.com
1349,Chloe,Wright,1996-08-24,chloe.wright1349@example.com
1350,Mia,Torres,1976-11-10,mia.torres1350@example.com
1351,Benjamin,Garcia,1999-11-25,benjamin.garcia1351@example.com
1352,James,Taylor,1957-05-09,james.taylor1352@example.com
1353,Victoria,Hernandez,1980-08-17,victoria.hernandez1353@example.com
1354,Mia,Clark,1993-07-19,mia.clark1354@example.com
1355,Victoria,Lopez,1975-08-31,victoria.lopez1355@example.com
1356,Noah,Hill,1987-03-31,noah.hill1356@example.com
1357,Sofia,Allen,1959-08-25,sofia.allen1357@example.com
1358,Lucia,Lewis,1977-10-02,lucia.lewis1358@example.com
1359,Noah,Lewis,1981-05-28,noah.lewis1359@example.com
1360,Wyatt,Perez,1989-08-04,wyatt.perez1360@example.com
1361,Camila,Anderson,1965-04-13,camila.anderson1361@example.com
1362,Emma,Gonzalez,1955-11-19,emma.gonzalez1362@example.com
1363,Layla,Martinez,1952-07-08,layla.martinez1363@example.com
1364,Lucas,Hernandez,1979-08-27,lucas.hernandez1364@example.com
1365,Sebastian,Allen,1990-07-23,sebastian.allen1365@example.com
1366,Sofia,Johnson,1977-04-23,sofia.johnson1366@example.com
1367,Nora,Nguyen,1982-07-21,nora.nguyen1367@example.com
1368,Jack,Moore,1950-03-08,jack.moore1368@example.com
1369,Mia,Flores,1957-07-19,mia.flores1369@example.com
1370,Mateo,Walker,1979-09-29,mateo.walker1370@example.com
1371,Victoria,Hernandez,1980-08-03,victoria.hernandez1371@example.com
1372,Aiden,Jackson,1960-11-02,aiden.jackson1372@example.com
1373,Charlotte,Lee,1989-07-28,charlotte.lee1373@example.com
1374,Mila,Hill,1952-03-24,mila.hill1374@example.com
1375,Ethan,Scott,1968-03-11,ethan.scott1375@example.com
1376,Isaac,Brown,1981-06-09,isaac.brown1376@example.com
1377,Grayson,Nguyen,1965-04-19,grayson.nguyen1377@example.com
1378,Amelia,Taylor,1989-01-21,amelia.taylor1378@example.com
1379,Isabella,Rodriguez,2000-04-05,isabella.rodriguez1379@example.com
1380,Olivia,Thompson,1963-07-19,olivia.thompson1380@example.com
1381,Amelia,Garcia,1982-10-22,amelia.garcia1381@example.com
1382,Carter,Wilson,1988-04-24,carter.wilson1382@example.com
1383,Mia,Robinson,1993-05-06,mia.robinson1383@example.com
1384,Valentina,Davis,1990-03-31,valentina.davis1384@example.com
1385,Daniel,Lewis,1986-10-22,daniel.lewis1385@example.com
1386,Sofia,Flores,2001-09-23,sofia.flores1386@example.com
1387,Victoria,Thomas,1988-04-13,victoria.thomas1387@example.com
1388,Emma,Anderson,2001-07-30,emma.anderson1388@example.com
1389,Elijah,Martin,1991-08-12,elijah.martin1389@example.com
1390,Ava,Perez,1999-07-28,ava.perez1390@example.com
1391,Olivia,Scott,1991-02-26,olivia.scott1391@example.com
1392,Mateo,Perez,1981-07-12,mateo.perez1392@example.com
1393,Isabella,Jackson,1996-04-22,isabella.jackson1393@example.com
1394,Hazel,Brown,1958-05-29,hazel.brown1394@example.com
1395,Amelia,Thompson,1962-02-10,amelia.thompson1395@example.com
1396,Isabella,Robinson,1963-02-19,isabella.robinson1396@example.com
1397,Ava,Jones,1983-08-08,ava.jones1397@example.com
1398,Mia,Thompson,1968-06-11,mia.thompson1398@example.com
1399,Gabriel,Jackson,1972-02-26,gabriel.jackson1399@example.com
1400,Elijah,Hernandez,1961-01-28,elijah.hernandez1400@example.com
1401,Mateo,Sanchez,1972-12-25,mateo.sanchez1401@example.com
1402,Victoria,Nguyen,1999-04-23,victoria.nguyen1402@example.com
1403,Mateo,Thomas,1960-11-11,mateo.thomas1403@example.com
1404,Jack,Scott,2003-04-21,jack.scott1404@example.com
1405,Charlotte,Miller,1983-05-15,charlotte.miller1405@example.com
1406,Jackson,White,1952-11-09,jackson.white1406@example.com
1407,Noah,Walker,1972-12-26,noah.walker1407@example.com
1408,Noah,Allen,1971-07-18,noah.allen1408@example.com
1409,Ethan,Robinson,1963-11-21,ethan.robinson1409@example.com
1410,Mateo,King,1962-07-27,mateo.king1410@example.com
1411,Levi,Sanchez,1986-12-03,levi.sanchez1411@example.com
1412,Aurora,White,2004-04-10,aurora.white1412@example.com
1413,Penelope,Nguyen,1992-03-07,penelope.nguyen1413@example.com
1414,Owen,Jackson,1991-03-30,owen.jackson1414@example.com
1415,Chloe,Rodriguez,1979-02-06,chloe.rodriguez1415@example.com
1416,Noah,Walker,1950-08-13,noah.walker1416@example.com
1417,Sebastian,Martinez,1993-02-05,sebastian.martinez1417@example.com
1418,Daniel,Flores,1984-10-06,daniel.flores1418@example.com
1419,James,Jones,1960-08-15,james.jones1419@example.com
1420,Olivia,Jackson,1978-03-19,olivia.jackson1420@example.com
1421,Noah,Hernandez,1962-06-25,noah.hernandez1421@example.com
1422,Elijah,Lewis,1981-07-10,elijah.lewis1422@example.com
1423,Gabriel,Garcia,1994-03-05,gabriel.garcia1423@example.com
1424,Liam,Nguyen,1996-04-26,liam.nguyen1424@example.com
1425,Evelyn,Flores,1978-06-26,evelyn.flores1425@example.com
1426,Logan,Young,1976-12-31,logan.young1426@example.com
1427,Aurora,Hernandez,2005-09-27,aurora.hernandez1427@example.com
1428,Jack,Lopez,1954-11-19,jack.lopez1428@example.com
1429,Gabriel,Nguyen,1961-08-19,gabriel.nguyen1429@example.com
1430,Noah,Davis,1991-03-10,noah.davis1430@example.com
1431,Daniel,Thomas,1999-09-10,daniel.thomas1431@example.com
1432,Benjamin,Perez,1956-05-21,benjamin.perez1432@example.com
1433,Carter,Martinez,1970-12-19,carter.martinez1433@example.com
1434,Ethan,Jackson,1954-10-29,ethan.jackson1434@example.com
1435,Gabriel,Anderson,1988-09-03,gabriel.anderson1435@example.com
1436,Sofia,Flores,1986-04-11,sofia.flores1436@example.com
1437,Aiden,Wilson,1990-03-31,aiden.wilson1437@example.com
1438,Luna,Torres,1979-04-27,luna.torres1438@example.com
1439,Carter,Robinson,1959-04-16,carter.robinson1439@example.com
1440,Levi,Robinson,1976-12-02,levi.robinson1440@example.com
1441,Aiden,Smith,1970-07-14,aiden.smith1441@example.com
1442,Levi,White,1953-06-24,levi.white1442@example.com
1443,Mia,Martin,1963-11-11,mia.martin1443@example.com
1444,Samuel,Miller,1957-06-17,samuel.miller1444@example.com
1445,Chloe,Brown,1988-01-12,chloe.brown1445@example.com
1446,Sebastian,Harris,1991-02-05,sebastian.harris1446@example.com
1447,Gabriel,Davis,2005-07-25,gabriel.davis1447@example.com
1448,Valentina,King,1980-05-10,valentina.king1448@example.com
1449,Elijah,King,1956-12-06,elijah.king1449@example.com
1450,Logan,Scott,1968-11-17,logan.scott1450@example.com
1451,Valentina,Hernandez,1992-06-02,valentina.hernandez1451@example.com
1452,Aiden,Thomas,1992-02-09,aiden.thomas1452@example.com
1453,Ava,Williams,1971-10-04,ava.williams1453@example.com
1454,Mila,King,1980-01-11,mila.king1454@example.com
1455,Charlotte,Clark,1966-08-11,charlotte.clark1455@example.com
1456,Aiden,Allen,1999-10-08,aiden.allen1456@example.com
1457,Oliver,Jackson,1961-10-03,oliver.jackson1457@example.com
1458,Ethan,White,1958-01-22,ethan.white1458@example.com
1459,Carter,Anderson,1952-09-24,carter.anderson1459@example.com
1460,Ava,Smith,1995-02-10,ava.smith1460@example.com
1461,Penelope,Lopez,1977-04-20,penelope.lopez1461@example.com
1462,Elijah,Ramirez,1964-10-28,elijah.ramirez1462@example.com
1463,Gabriel,Martin,1993-04-16,gabriel.martin1463@example.com
1464,Owen,Hill,1985-05-31,owen.hill1464@example.com
1465,Camila,Taylor,1990-08-12,camila.taylor1465@example.com
1466,Emma,Wilson,1953-04-07,emma.wilson1466@example.com
1467,Isabella,Gonzalez,1980-07-11,isabella.gonzalez1467@example.com
1468,Layla,Thompson,1970-01-05,layla.thompson1468@example.com
1469,Grayson,Miller,1975-03-12,grayson.miller1469@example.com
1470,Elijah,Thompson,2003-12-27,elijah.thompson1470@example.com
1471,Aiden,Moore,1974-02-02,aiden.moore1471@example.com
1472,Aurora,Ramirez,1990-05-04,aurora.ramirez1472@example.com
1473,Nora,Nguyen,1975-06-03,nora.nguyen1473@example.com
1474,Elena,Torres,1992-04-06,elena.torres1474@example.com
1475,Benjamin,Thomas,1957-11-12,benjamin.thomas1475@example.com
1476,Sophia,White,2002-06-06,sophia.white1476@example.com
1477,Mila,Harris,1962-10-31,mila.harris1477@example.com
1478,Levi,Clark,2004-12-02,levi.clark1478@example.com
1479,Elijah,Wilson,1984-07-25,elijah.wilson1479@example.com
1480,Charlotte,Lewis,1979-07-16,charlotte.lewis1480@example.com
1481,Carter,Gonzalez,1958-06-30,carter.gonzalez1481@example.com
1482,Violet,Allen,1993-02-03,violet.allen1482@example.com
1483,Valentina,Moore,1952-04-21,valentina.moore1483@example.com
1484,Mia,Young,2004-11-20,mia.young1484@example.com
1485,Hazel,Williams,1988-04-23,hazel.williams1485@example.com
1486,Elijah,Anderson,1956-10-14,elijah.anderson1486@example.com
1487,Aiden,White,1987-05-06,aiden.white1487@example.com
1488,Ethan,Wilson,1958-11-29,ethan.wilson1488@example.com
1489,Samuel,Lee,1996-03-18,samuel.lee1489@example.com
1490,Elijah,Ramirez,1975-10-12,elijah.ramirez1490@example.com
1491,Benjamin,Taylor,1955-03-19,benjamin.taylor1491@example.com
1492,Grayson,Walker,1978-12-27,grayson.walker1492@example.com
1493,Nora,Gonzalez,1976-06-20,nora.gonzalez1493@example.com
1494,Liam,Brown,1964-11-18,liam.brown1494@example.com
1495,Logan,Walker,2002-06-12,logan.walker1495@example.com
1496,Oliver,Lewis,1956-07-16,oliver.lewis1496@example.com
1497,Aiden,Hernandez,1960-04-12,aiden.hernandez1497@example.com
1498,Lucas,Taylor,1998-05-22,lucas.taylor1498@example.com
1499,Mateo,White,1979-09-18,mateo.white1499@example.com
1500,Elijah,Miller,1986-11-30,elijah.miller1500@example.com
